日期,股票代码,股票名称
20260902,000001,平安银行
20260902,000002,万  科Ａ
20260902,000006,深振业Ａ
20260902,000007,全新好
20260902,000008,神州高铁
20260902,000009,中国宝安
20260902,000011,深物业A
20260902,000012,南  玻Ａ
20260902,000014,沙河股份
20260902,000017,深中华A
20260902,000019,深粮控股
20260902,000020,深华发Ａ
20260902,000021,深科技
20260902,000025,特  力Ａ
20260902,000026,飞亚达
20260902,000027,深圳能源
20260902,000028,国药一致
20260902,000029,深深房Ａ
20260902,000030,富奥股份
20260902,000031,大悦城
20260902,000032,深桑达Ａ
20260902,000034,神州数码
20260902,000035,中国天楹
20260902,000036,华联控股
20260902,000037,深南电A
20260902,000039,中集集团
20260902,000042,中洲控股
20260902,000045,深纺织Ａ
20260902,000048,京基智农
20260902,000049,德赛电池
20260902,000050,深天马Ａ
20260902,000055,方大集团
20260902,000058,深 赛 格
20260902,000059,华锦股份
20260902,000060,中金岭南
20260902,000061,农 产 品
20260902,000062,深圳华强
20260902,000063,中兴通讯
20260902,000065,北方国际
20260902,000066,中国长城
20260902,000068,华控赛格
20260902,000069,华侨城Ａ
20260902,000070,特发信息
20260902,000088,盐 田 港
20260902,000089,深圳机场
20260902,000090,天健集团
20260902,000096,广聚能源
20260902,000099,中信海直
20260902,000100,TCL科技
20260902,000151,中成股份
20260902,000153,丰原药业
20260902,000155,川能动力
20260902,000156,华数传媒
20260902,000157,中联重科
20260902,000158,常山北明
20260902,000159,国际实业
20260902,000166,申万宏源
20260902,000301,东方盛虹
20260902,000333,美的集团
20260902,000338,潍柴动力
20260902,000400,许继电气
20260902,000401,金隅冀东
20260902,000402,金 融 街
20260902,000403,派林生物
20260902,000404,长虹华意
20260902,000407,胜利股份
20260902,000408,藏格矿业
20260902,000409,云鼎科技
20260902,000410,沈阳机床
20260902,000411,英特集团
20260902,000415,渤海租赁
20260902,000417,合百集团
20260902,000419,通程控股
20260902,000420,吉林化纤
20260902,000421,南京公用
20260902,000422,湖北宜化
20260902,000423,东阿阿胶
20260902,000425,徐工机械
20260902,000426,兴业银锡
20260902,000428,华天酒店
20260902,000429,粤高速Ａ
20260902,000430,张家界
20260902,000498,山东路桥
20260902,000501,武商集团
20260902,000503,国新健康
20260902,000504,南华生物
20260902,000505,京粮控股
20260902,000506,招金黄金
20260902,000507,珠海港
20260902,000509,华塑控股
20260902,000510,新金路
20260902,000513,丽珠集团
20260902,000514,渝 开 发
20260902,000516,国际医学
20260902,000517,荣安地产
20260902,000518,四环生物
20260902,000519,中兵红箭
20260902,000520,凤凰航运
20260902,000521,长虹美菱
20260902,000523,红棉股份
20260902,000524,岭南控股
20260902,000525,红太阳
20260902,000526,学大教育
20260902,000528,柳    工
20260902,000529,广弘控股
20260902,000530,冰山冷热
20260902,000531,穗恒运Ａ
20260902,000532,华金资本
20260902,000533,顺钠股份
20260902,000534,万泽股份
20260902,000536,华映科技
20260902,000537,绿发电力
20260902,000538,云南白药
20260902,000539,粤电力Ａ
20260902,000541,佛山照明
20260902,000543,皖能电力
20260902,000544,中原环保
20260902,000545,金浦钛业
20260902,000546,金圆股份
20260902,000547,航天发展
20260902,000548,湖南投资
20260902,000550,江铃汽车
20260902,000551,创元科技
20260902,000552,甘肃能化
20260902,000553,安道麦A
20260902,000554,泰山石油
20260902,000555,神州信息
20260902,000557,西部创业
20260902,000558,天府文旅
20260902,000559,万向钱潮
20260902,000560,我爱我家
20260902,000561,烽火电子
20260902,000563,陕国投Ａ
20260902,000564,供销大集
20260902,000565,渝三峡Ａ
20260902,000566,海南海药
20260902,000567,海德股份
20260902,000568,泸州老窖
20260902,000570,苏常柴Ａ
20260902,000571,新大洲A
20260902,000572,海马汽车
20260902,000573,粤宏远Ａ
20260902,000576,甘化科工
20260902,000581,威孚高科
20260902,000582,北部湾港
20260902,000586,汇源通信
20260902,000589,贵州轮胎
20260902,000590,古汉医药
20260902,000591,太阳能
20260902,000592,平潭发展
20260902,000593,德龙汇能
20260902,000595,新能股份
20260902,000596,古井贡酒
20260902,000597,东北制药
20260902,000598,兴蓉环境
20260902,000599,青岛双星
20260902,000600,建投能源
20260902,000601,韶能股份
20260902,000603,盛达资源
20260902,000605,渤海股份
20260902,000607,华媒控股
20260902,000608,阳光股份
20260902,000612,焦作万方
20260902,000617,中油资本
20260902,000619,海螺新材
20260902,000620,盈新发展
20260902,000623,吉林敖东
20260902,000625,长安汽车
20260902,000626,远大控股
20260902,000628,高新发展
20260902,000629,钒钛股份
20260902,000630,铜陵有色
20260902,000631,顺发恒能
20260902,000633,合金投资
20260902,000636,风华高科
20260902,000637,茂化实华
20260902,000650,仁和药业
20260902,000651,格力电器
20260902,000652,泰达股份
20260902,000655,金岭矿业
20260902,000656,金科股份
20260902,000657,中钨高新
20260902,000659,珠海中富
20260902,000661,长春高新
20260902,000663,永安林业
20260902,000665,湖北广电
20260902,000668,荣丰控股
20260902,000670,盈方微
20260902,000672,上峰材料
20260902,000676,智度股份
20260902,000678,襄阳轴承
20260902,000679,大连友谊
20260902,000680,山推股份
20260902,000681,视觉中国
20260902,000682,东方电子
20260902,000683,博源化工
20260902,000685,中山公用
20260902,000686,东北证券
20260902,000688,国城矿业
20260902,000690,宝新能源
20260902,000691,亚太实业
20260902,000692,惠天热电
20260902,000695,滨海能源
20260902,000697,炼石航空
20260902,000700,模塑科技
20260902,000701,厦门信达
20260902,000702,正虹科技
20260902,000703,恒逸石化
20260902,000705,浙江震元
20260902,000707,双环科技
20260902,000708,中信特钢
20260902,000709,河钢股份
20260902,000710,贝瑞基因
20260902,000711,京蓝科技
20260902,000712,锦龙股份
20260902,000713,国投丰乐
20260902,000715,中兴商业
20260902,000716,黑芝麻
20260902,000717,中南股份
20260902,000718,苏宁环球
20260902,000719,中原传媒
20260902,000720,新能泰山
20260902,000721,西安饮食
20260902,000722,湖南发展
20260902,000723,美锦能源
20260902,000725,京东方Ａ
20260902,000726,鲁  泰Ａ
20260902,000727,冠捷科技
20260902,000728,国元证券
20260902,000729,燕京啤酒
20260902,000731,四川美丰
20260902,000733,振华科技
20260902,000735,罗 牛 山
20260902,000736,中交发展
20260902,000737,北方铜业
20260902,000738,航发控制
20260902,000739,普洛药业
20260902,000750,国海证券
20260902,000751,锌业股份
20260902,000753,漳州发展
20260902,000755,山西高速
20260902,000756,新华制药
20260902,000757,浩物股份
20260902,000758,中色股份
20260902,000759,中百集团
20260902,000761,本钢板材
20260902,000762,西藏矿业
20260902,000766,通化金马
20260902,000767,晋控电力
20260902,000768,中航西飞
20260902,000776,广发证券
20260902,000777,中核科技
20260902,000778,新兴铸管
20260902,000779,甘咨询
20260902,000782,恒申新材
20260902,000783,长江证券
20260902,000785,居然智家
20260902,000786,北新建材
20260902,000788,北大医药
20260902,000789,万年青
20260902,000790,华神科技
20260902,000791,甘肃能源
20260902,000792,盐湖股份
20260902,000795,英洛华
20260902,000796,凯撒旅业
20260902,000797,中国武夷
20260902,000798,中水渔业
20260902,000799,酒鬼酒
20260902,000800,一汽解放
20260902,000801,四川九洲
20260902,000802,北京文化
20260902,000803,山高环能
20260902,000807,云铝股份
20260902,000809,和展能源
20260902,000810,创维数字
20260902,000811,冰轮环境
20260902,000812,陕西金叶
20260902,000813,德展健康
20260902,000815,美利云
20260902,000816,智慧农业
20260902,000818,航锦科技
20260902,000819,岳阳兴长
20260902,000820,神雾节能
20260902,000822,山东海化
20260902,000823,超声电子
20260902,000825,太钢不锈
20260902,000828,东莞控股
20260902,000829,天音控股
20260902,000830,鲁西化工
20260902,000831,中国稀土
20260902,000833,粤桂股份
20260902,000837,秦川机床
20260902,000839,国安股份
20260902,000848,承德露露
20260902,000850,华茂股份
20260902,000852,石化机械
20260902,000856,冀东装备
20260902,000858,五 粮 液
20260902,000859,国风新材
20260902,000860,顺鑫农业
20260902,000862,银星能源
20260902,000863,三湘印象
20260902,000868,安凯客车
20260902,000869,张  裕Ａ
20260902,000875,电投绿能
20260902,000876,新 希 望
20260902,000877,天山股份
20260902,000878,云南铜业
20260902,000880,潍柴重机
20260902,000881,中广核技
20260902,000882,华联股份
20260902,000883,湖北能源
20260902,000885,城发环境
20260902,000886,海南高速
20260902,000887,中鼎股份
20260902,000888,峨眉山Ａ
20260902,000889,中嘉博创
20260902,000890,法尔胜
20260902,000892,欢瑞世纪
20260902,000893,亚钾国际
20260902,000895,双汇发展
20260902,000897,津滨发展
20260902,000898,鞍钢股份
20260902,000899,赣能股份
20260902,000900,现代投资
20260902,000901,航天科技
20260902,000902,新洋丰
20260902,000905,厦门港务
20260902,000906,浙商中拓
20260902,000908,石药景峰
20260902,000910,大亚圣象
20260902,000912,泸天化
20260902,000913,钱江摩托
20260902,000915,华特达因
20260902,000917,电广传媒
20260902,000919,金陵药业
20260902,000920,沃顿科技
20260902,000921,海信家电
20260902,000922,佳电股份
20260902,000923,河钢资源
20260902,000925,众合科技
20260902,000926,福星股份
20260902,000927,中国铁物
20260902,000928,中钢国际
20260902,000929,兰州黄河
20260902,000930,中粮科技
20260902,000931,中 关 村
20260902,000932,华菱钢铁
20260902,000933,神火股份
20260902,000935,四川双马
20260902,000936,华西股份
20260902,000937,冀中能源
20260902,000938,紫光股份
20260902,000948,南天信息
20260902,000949,新乡化纤
20260902,000950,重药控股
20260902,000951,中国重汽
20260902,000952,广济药业
20260902,000953,中哲精化
20260902,000955,欣龙控股
20260902,000957,中通客车
20260902,000958,电投产融
20260902,000959,首钢股份
20260902,000960,锡业股份
20260902,000962,东方钽业
20260902,000963,华东医药
20260902,000965,天保基建
20260902,000966,长源电力
20260902,000967,盈峰环境
20260902,000968,蓝焰控股
20260902,000969,安泰科技
20260902,000970,中科三环
20260902,000972,中基健康
20260902,000973,佛塑科技
20260902,000975,山金国际
20260902,000977,浪潮信息
20260902,000978,桂林旅游
20260902,000980,众泰汽车
20260902,000981,山子高科
20260902,000983,山西焦煤
20260902,000985,大庆华科
20260902,000987,越秀资本
20260902,000988,华工科技
20260902,000989,九芝堂
20260902,000990,诚志股份
20260902,000993,闽东电力
20260902,000995,皇台酒业
20260902,000997,新 大 陆
20260902,000998,隆平高科
20260902,000999,华润三九
20260902,001201,东瑞股份
20260902,001202,炬申股份
20260902,001203,大中矿业
20260902,001205,盛航股份
20260902,001206,依依股份
20260902,001207,联科科技
20260902,001208,华菱线缆
20260902,001209,洪兴股份
20260902,001210,金房能源
20260902,001211,双枪科技
20260902,001212,中旗新材
20260902,001213,中铁特货
20260902,001215,千味央厨
20260902,001216,华瓷股份
20260902,001217,华尔泰
20260902,001218,丽臣实业
20260902,001219,青岛食品
20260902,001220,世盟股份
20260902,001221,悍高集团
20260902,001222,源飞宠物
20260902,001223,欧克科技
20260902,001225,和泰机电
20260902,001226,拓山重工
20260902,001227,兰州银行
20260902,001228,永泰运
20260902,001229,魅视科技
20260902,001230,劲旅环境
20260902,001231,农心科技
20260902,001232,嘉立创
20260902,001233,海安集团
20260902,001234,泰慕士
20260902,001236,弘业期货
20260902,001237,惠康科技
20260902,001238,浙江正特
20260902,001239,永达股份
20260902,001248,华润新能源
20260902,001255,博菲电气
20260902,001256,炜冈科技
20260902,001257,盛龙股份
20260902,001258,立新能源
20260902,001259,利仁科技
20260902,001260,坤泰股份
20260902,001266,宏英智能
20260902,001267,汇绿生态
20260902,001268,联合精密
20260902,001269,欧晶科技
20260902,001270,铖昌科技
20260902,001277,速达股份
20260902,001278,一彬科技
20260902,001279,强邦新材
20260902,001280,中国铀业
20260902,001282,三联锻造
20260902,001283,豪鹏科技
20260902,001285,瑞立科密
20260902,001286,陕西能源
20260902,001287,中电港
20260902,001288,运机集团
20260902,001289,龙源电力
20260902,001296,长江材料
20260902,001298,好上好
20260902,001299,美能能源
20260902,001300,三柏硕
20260902,001301,尚太科技
20260902,001306,夏厦精密
20260902,001308,康冠科技
20260902,001309,德明利
20260902,001311,多利科技
20260902,001312,福恩股份
20260902,001313,粤海饲料
20260902,001314,亿道信息
20260902,001316,润贝航科
20260902,001317,三羊马
20260902,001318,阳光乳业
20260902,001319,铭科精技
20260902,001322,箭牌家居
20260902,001323,慕思股份
20260902,001324,长青科技
20260902,001325,元创股份
20260902,001326,联域股份
20260902,001328,登康口腔
20260902,001330,博纳影业
20260902,001331,胜通能源
20260902,001332,锡装股份
20260902,001333,光华股份
20260902,001335,信凯科技
20260902,001336,楚环科技
20260902,001337,四川黄金
20260902,001338,永顺泰
20260902,001339,智微智能
20260902,001356,富岭股份
20260902,001358,兴欣新材
20260902,001359,平安电工
20260902,001360,南矿集团
20260902,001365,天海电子
20260902,001366,播恩集团
20260902,001367,海森药业
20260902,001368,通达创智
20260902,001369,双欣材料
20260902,001373,翔腾新材
20260902,001376,百通能源
20260902,001378,德冠新材
20260902,001379,腾达科技
20260902,001380,华纬科技
20260902,001382,新亚电缆
20260902,001386,马可波罗
20260902,001387,雪祺电气
20260902,001388,信通电子
20260902,001389,广合科技
20260902,001390,古麒绒材
20260902,001391,国货航
20260902,001393,维通利
20260902,001395,亚联机械
20260902,001396,誉帆科技
20260902,001399,惠科股份
20260902,001400,江顺科技
20260902,001696,宗申动力
20260902,001872,招商港口
20260902,001896,豫能控股
20260902,001914,招商积余
20260902,001965,招商公路
20260902,001979,招商蛇口
20260902,002001,新 和 成
20260902,002003,伟星股份
20260902,002004,华邦健康
20260902,002005,德豪润达
20260902,002006,精工科技
20260902,002007,华兰生物
20260902,002008,大族激光
20260902,002009,天奇股份
20260902,002010,传化智联
20260902,002011,盾安环境
20260902,002012,凯恩股份
20260902,002014,永新股份
20260902,002015,协鑫能科
20260902,002016,世荣兆业
20260902,002017,东信和平
20260902,002019,亿帆医药
20260902,002020,京新药业
20260902,002021,中捷资源
20260902,002022,科华生物
20260902,002023,海特高新
20260902,002025,航天电器
20260902,002026,山东威达
20260902,002027,分众传媒
20260902,002028,思源电气
20260902,002029,七 匹 狼
20260902,002030,达安基因
20260902,002031,巨轮智能
20260902,002032,苏 泊 尔
20260902,002033,丽江股份
20260902,002034,旺能环境
20260902,002035,华帝股份
20260902,002036,联创电子
20260902,002037,保利联合
20260902,002038,双鹭药业
20260902,002039,黔源电力
20260902,002040,南 京 港
20260902,002041,登海种业
20260902,002042,华孚时尚
20260902,002043,兔 宝 宝
20260902,002044,美年健康
20260902,002045,国光电器
20260902,002046,国机精工
20260902,002047,宝鹰股份
20260902,002048,宁波华翔
20260902,002049,紫光国微
20260902,002050,三花智控
20260902,002051,中工国际
20260902,002052,同洲电子
20260902,002053,云南能投
20260902,002054,德美化工
20260902,002056,横店东磁
20260902,002057,中钢天源
20260902,002058,紫竹高科
20260902,002059,云南旅游
20260902,002060,广东建工
20260902,002061,浙江交科
20260902,002062,宏润建设
20260902,002063,远光软件
20260902,002064,华峰化学
20260902,002065,东华软件
20260902,002066,瑞泰科技
20260902,002067,景兴纸业
20260902,002068,黑猫股份
20260902,002069,獐子岛
20260902,002072,凯瑞德
20260902,002073,软控股份
20260902,002074,国轩高科
20260902,002075,沙钢股份
20260902,002076,星光股份
20260902,002077,大港股份
20260902,002078,太阳纸业
20260902,002079,苏州固锝
20260902,002080,中材科技
20260902,002081,金 螳 螂
20260902,002083,孚日股份
20260902,002084,海鸥住工
20260902,002085,万丰奥威
20260902,002086,东方海洋
20260902,002088,鲁阳节能
20260902,002090,金智科技
20260902,002091,江苏国泰
20260902,002092,中泰化学
20260902,002093,国脉科技
20260902,002094,青岛金王
20260902,002095,生 意 宝
20260902,002096,易普力
20260902,002097,山河智能
20260902,002098,浔兴股份
20260902,002099,海翔药业
20260902,002100,天康生物
20260902,002101,广东鸿图
20260902,002103,广博股份
20260902,002104,恒宝股份
20260902,002105,信隆健康
20260902,002106,莱宝高科
20260902,002107,沃华医药
20260902,002108,沧州明珠
20260902,002110,三钢闽光
20260902,002111,威海广泰
20260902,002112,三变科技
20260902,002114,罗平锌电
20260902,002115,三维通信
20260902,002116,中国海诚
20260902,002117,东港股份
20260902,002119,康强电子
20260902,002120,韵达股份
20260902,002121,科陆电子
20260902,002123,梦网科技
20260902,002124,天邦食品
20260902,002125,湘潭电化
20260902,002126,银轮股份
20260902,002127,南极电商
20260902,002128,电投能源
20260902,002129,TCL中环
20260902,002130,沃尔核材
20260902,002131,利欧股份
20260902,002132,恒星科技
20260902,002133,广宇集团
20260902,002134,天津普林
20260902,002135,东南网架
20260902,002136,安 纳 达
20260902,002137,实益达
20260902,002138,顺络电子
20260902,002139,拓邦股份
20260902,002140,东华科技
20260902,002141,贤丰控股
20260902,002142,宁波银行
20260902,002144,宏达高科
20260902,002145,钛能化学
20260902,002146,荣盛发展
20260902,002148,北纬科技
20260902,002149,西部材料
20260902,002150,正泰电源
20260902,002151,北斗星通
20260902,002152,广电运通
20260902,002153,石基信息
20260902,002154,报 喜 鸟
20260902,002155,湖南黄金
20260902,002156,通富微电
20260902,002157,正邦科技
20260902,002158,汉钟精机
20260902,002159,三特索道
20260902,002160,常铝股份
20260902,002161,远 望 谷
20260902,002162,悦心健康
20260902,002163,海南发展
20260902,002164,宁波东力
20260902,002165,红 宝 丽
20260902,002166,莱茵生物
20260902,002167,东方锆业
20260902,002169,智光电气
20260902,002170,芭田股份
20260902,002171,楚江新材
20260902,002172,澳洋健康
20260902,002173,创新医疗
20260902,002174,游族网络
20260902,002176,江特电机
20260902,002177,御银股份
20260902,002178,延华智能
20260902,002179,中航光电
20260902,002180,奔图科技
20260902,002181,粤 传 媒
20260902,002182,宝武镁业
20260902,002183,怡 亚 通
20260902,002184,海得控制
20260902,002185,华天科技
20260902,002186,全 聚 德
20260902,002187,广百股份
20260902,002188,中天服务
20260902,002189,中光学
20260902,002190,成飞集成
20260902,002191,劲嘉股份
20260902,002192,融捷股份
20260902,002194,武汉凡谷
20260902,002195,岩山科技
20260902,002196,方正电机
20260902,002197,证通电子
20260902,002199,东晶电子
20260902,002200,交投生态
20260902,002201,九鼎新材
20260902,002202,金风科技
20260902,002203,海亮股份
20260902,002204,大连重工
20260902,002205,国统股份
20260902,002206,海 利 得
20260902,002208,合肥城建
20260902,002209,达 意 隆
20260902,002210,飞马国际
20260902,002212,天融信
20260902,002213,大为股份
20260902,002214,大立科技
20260902,002215,诺 普 信
20260902,002216,三全食品
20260902,002218,拓日新能
20260902,002219,新里程
20260902,002221,东华能源
20260902,002222,福晶科技
20260902,002223,鱼跃医疗
20260902,002224,三 力 士
20260902,002225,濮耐股份
20260902,002226,江南化工
20260902,002228,合兴包装
20260902,002229,鸿博股份
20260902,002230,科大讯飞
20260902,002232,启明信息
20260902,002233,塔牌集团
20260902,002234,民和股份
20260902,002235,安妮股份
20260902,002236,大华股份
20260902,002237,恒邦股份
20260902,002238,天威视讯
20260902,002239,奥特佳
20260902,002240,盛新锂能
20260902,002241,歌尔股份
20260902,002242,九阳股份
20260902,002243,力合科创
20260902,002244,滨江集团
20260902,002245,蔚蓝锂芯
20260902,002246,北化股份
20260902,002247,聚力文化
20260902,002248,华东数控
20260902,002249,大洋电机
20260902,002250,联化科技
20260902,002251,步步高
20260902,002252,上海莱士
20260902,002253,川大智胜
20260902,002254,泰和新材
20260902,002255,海陆重工
20260902,002256,兆新股份
20260902,002258,利尔化学
20260902,002259,升达林业
20260902,002261,拓维信息
20260902,002262,恩华药业
20260902,002263,大东南
20260902,002264,新 华 都
20260902,002265,建设工业
20260902,002266,浙富控股
20260902,002267,陕天然气
20260902,002268,电科网安
20260902,002269,美邦服饰
20260902,002270,华明装备
20260902,002271,东方雨虹
20260902,002272,川润股份
20260902,002273,水晶光电
20260902,002275,桂林三金
20260902,002276,万马股份
20260902,002277,友阿股份
20260902,002278,神开股份
20260902,002279,久其软件
20260902,002281,光迅科技
20260902,002282,博深股份
20260902,002283,天润工业
20260902,002284,亚太股份
20260902,002285,世联行
20260902,002286,保龄宝
20260902,002287,奇正藏药
20260902,002289,宇顺电子
20260902,002290,禾盛新材
20260902,002291,遥望科技
20260902,002292,奥飞娱乐
20260902,002293,罗莱生活
20260902,002294,信立泰
20260902,002295,精艺股份
20260902,002296,辉煌科技
20260902,002297,博云新材
20260902,002298,中电鑫龙
20260902,002299,圣农发展
20260902,002300,太阳电缆
20260902,002301,齐心集团
20260902,002302,西部建设
20260902,002303,美盈森
20260902,002304,洋河股份
20260902,002307,北新路桥
20260902,002309,中利集团
20260902,002310,东方新能
20260902,002311,海大集团
20260902,002312,川发龙蟒
20260902,002313,日海智能
20260902,002314,南山控股
20260902,002315,焦点科技
20260902,002316,亚联发展
20260902,002317,众生药业
20260902,002318,久立特材
20260902,002319,乐通股份
20260902,002320,海峡股份
20260902,002321,华英农业
20260902,002322,理工能科
20260902,002324,普利特
20260902,002326,永太科技
20260902,002327,富安娜
20260902,002328,新朋股份
20260902,002329,皇氏集团
20260902,002330,得利斯
20260902,002331,皖通科技
20260902,002332,仙琚制药
20260902,002333,罗普斯金
20260902,002334,英威腾
20260902,002335,科华数据
20260902,002337,赛象科技
20260902,002338,奥普光电
20260902,002339,积成电子
20260902,002340,格林美
20260902,002342,巨力索具
20260902,002343,慈文传媒
20260902,002344,海宁皮城
20260902,002345,潮宏基
20260902,002346,柘中股份
20260902,002347,泰尔股份
20260902,002348,高乐股份
20260902,002349,精华制药
20260902,002350,北京科锐
20260902,002351,漫步者
20260902,002352,顺丰控股
20260902,002353,杰瑞股份
20260902,002354,天娱数科
20260902,002355,兴民智通
20260902,002356,鹏飞绿能
20260902,002357,富临运业
20260902,002358,森源电气
20260902,002361,神剑股份
20260902,002362,汉王科技
20260902,002363,隆基机械
20260902,002364,中恒电气
20260902,002365,永安药业
20260902,002366,融发核电
20260902,002367,康力电梯
20260902,002368,太极股份
20260902,002369,卓翼科技
20260902,002370,亚太药业
20260902,002371,北方华创
20260902,002372,伟星新材
20260902,002373,千方科技
20260902,002374,中锐股份
20260902,002375,亚厦股份
20260902,002376,新北洋
20260902,002377,国创高新
20260902,002378,章源钨业
20260902,002379,宏桥控股
20260902,002380,科远智慧
20260902,002381,双箭股份
20260902,002382,蓝帆医疗
20260902,002383,合众思壮
20260902,002384,东山精密
20260902,002385,大北农
20260902,002386,天原股份
20260902,002387,维信诺
20260902,002388,新亚制程
20260902,002389,航天彩虹
20260902,002390,信邦制药
20260902,002391,长青股份
20260902,002392,北京利尔
20260902,002393,力生制药
20260902,002394,联发股份
20260902,002395,双象股份
20260902,002396,星网锐捷
20260902,002397,梦洁股份
20260902,002398,垒知集团
20260902,002399,海普瑞
20260902,002400,省广集团
20260902,002401,中远海科
20260902,002402,和而泰
20260902,002403,爱仕达
20260902,002404,嘉欣丝绸
20260902,002405,四维图新
20260902,002406,远东传动
20260902,002407,多氟多
20260902,002408,齐翔腾达
20260902,002409,雅克科技
20260902,002410,广联达
20260902,002412,汉森制药
20260902,002413,雷科防务
20260902,002414,高德红外
20260902,002415,海康威视
20260902,002416,爱施德
20260902,002418,康盛股份
20260902,002419,天虹股份
20260902,002420,毅昌科技
20260902,002421,达实智能
20260902,002422,科伦药业
20260902,002423,中粮资本
20260902,002425,凯撒文化
20260902,002426,胜利精密
20260902,002427,尤夫股份
20260902,002428,云南锗业
20260902,002429,兆驰股份
20260902,002430,杭氧股份
20260902,002432,九安医疗
20260902,002434,万里扬
20260902,002436,兴森科技
20260902,002437,誉衡药业
20260902,002438,江苏神通
20260902,002439,启明星辰
20260902,002440,闰土股份
20260902,002441,众业达
20260902,002442,龙星科技
20260902,002443,金洲管道
20260902,002444,巨星科技
20260902,002445,中南文化
20260902,002446,盛路通信
20260902,002448,中原内配
20260902,002449,国星光电
20260902,002451,摩恩电气
20260902,002452,长高电气
20260902,002453,华软科技
20260902,002454,松芝股份
20260902,002455,百川股份
20260902,002456,欧菲光
20260902,002457,青龙管业
20260902,002458,益生股份
20260902,002459,晶澳科技
20260902,002460,赣锋锂业
20260902,002461,珠江啤酒
20260902,002462,嘉事堂
20260902,002463,沪电股份
20260902,002465,海格通信
20260902,002466,天齐锂业
20260902,002467,二六三
20260902,002468,申通快递
20260902,002469,三维化学
20260902,002470,金正大
20260902,002471,中超控股
20260902,002472,双环传动
20260902,002474,榕基软件
20260902,002475,立讯精密
20260902,002476,新叶股份
20260902,002478,常宝股份
20260902,002479,富春环保
20260902,002480,新筑股份
20260902,002481,双塔食品
20260902,002482,广田集团
20260902,002483,润邦股份
20260902,002484,江海股份
20260902,002486,嘉麟杰
20260902,002487,大金重工
20260902,002488,金固股份
20260902,002489,浙江永强
20260902,002490,山东墨龙
20260902,002491,通鼎互联
20260902,002492,恒基达鑫
20260902,002493,荣盛石化
20260902,002494,华斯股份
20260902,002495,佳隆股份
20260902,002496,辉丰股份
20260902,002497,雅化集团
20260902,002498,汉缆股份
20260902,002500,山西证券
20260902,002506,协鑫集成
20260902,002507,涪陵榨菜
20260902,002508,老板电器
20260902,002510,天汽模
20260902,002511,中顺洁柔
20260902,002513,蓝丰生化
20260902,002515,金字火腿
20260902,002516,旷达科技
20260902,002517,恺英网络
20260902,002518,科士达
20260902,002519,银河电子
20260902,002520,日发精机
20260902,002521,齐峰新材
20260902,002522,浙江众成
20260902,002523,天桥起重
20260902,002524,光正眼科
20260902,002526,山东矿机
20260902,002527,新时达
20260902,002529,海源复材
20260902,002530,金财互联
20260902,002531,天顺风能
20260902,002532,天山铝业
20260902,002533,金杯电工
20260902,002534,西子洁能
20260902,002535,林州重机
20260902,002536,飞龙股份
20260902,002537,海联金汇
20260902,002539,云图控股
20260902,002540,亚太科技
20260902,002541,鸿路钢构
20260902,002543,万和电气
20260902,002544,普天科技
20260902,002545,东方铁塔
20260902,002546,新联电子
20260902,002548,金新农
20260902,002549,凯美特气
20260902,002550,千红制药
20260902,002551,尚荣医疗
20260902,002552,宝鼎科技
20260902,002553,南方精工
20260902,002554,惠博普
20260902,002555,三七互娱
20260902,002556,辉隆股份
20260902,002557,洽洽食品
20260902,002558,巨人网络
20260902,002559,亚威股份
20260902,002560,通达股份
20260902,002561,徐家汇
20260902,002562,兄弟科技
20260902,002563,森马服饰
20260902,002564,天沃科技
20260902,002565,顺灏股份
20260902,002566,益盛药业
20260902,002567,唐人神
20260902,002568,百润股份
20260902,002570,贝因美
20260902,002571,德力股份
20260902,002572,索菲亚
20260902,002573,清新环境
20260902,002574,明牌珠宝
20260902,002575,群兴玩具
20260902,002576,通达动力
20260902,002577,雷柏科技
20260902,002578,闽发铝业
20260902,002579,中京电子
20260902,002580,圣阳股份
20260902,002582,好想你
20260902,002583,海能达
20260902,002584,西陇科学
20260902,002585,双星新材
20260902,002586,围海股份
20260902,002587,奥拓电子
20260902,002588,史丹利
20260902,002589,瑞康医药
20260902,002590,万安科技
20260902,002591,恒大高新
20260902,002593,日上集团
20260902,002594,比亚迪
20260902,002595,豪迈科技
20260902,002596,海南瑞泽
20260902,002597,金禾实业
20260902,002599,盛通股份
20260902,002600,领益智造
20260902,002601,龙佰集团
20260902,002602,世纪华通
20260902,002603,以岭药业
20260902,002605,姚记科技
20260902,002606,大连电瓷
20260902,002607,中公教育
20260902,002608,江苏国信
20260902,002609,捷顺科技
20260902,002611,东方精工
20260902,002612,朗姿股份
20260902,002613,北玻股份
20260902,002614,奥佳华
20260902,002615,哈尔斯
20260902,002616,长青集团
20260902,002617,露笑科技
20260902,002622,皓宸医疗
20260902,002623,亚玛顿
20260902,002624,完美世界
20260902,002625,光启技术
20260902,002626,金达威
20260902,002627,三峡旅游
20260902,002628,成都路桥
20260902,002629,仁智股份
20260902,002631,德尔未来
20260902,002632,道明光学
20260902,002633,申科股份
20260902,002635,安洁科技
20260902,002636,金安国纪
20260902,002637,赞宇科技
20260902,002638,勤上股份
20260902,002639,雪人集团
20260902,002640,跨境通
20260902,002641,公元股份
20260902,002642,荣联科技
20260902,002643,万润股份
20260902,002644,佛慈制药
20260902,002645,华宏科技
20260902,002646,天佑德酒
20260902,002647,仁东控股
20260902,002648,卫星化学
20260902,002649,博彦科技
20260902,002651,利君股份
20260902,002652,扬子新材
20260902,002653,海思科
20260902,002654,万润科技
20260902,002655,共达电声
20260902,002656,摩登大道
20260902,002657,中科金财
20260902,002658,雪迪龙
20260902,002659,凯文教育
20260902,002660,茂硕电源
20260902,002661,克明食品
20260902,002662,峰璟股份
20260902,002663,普邦股份
20260902,002664,信质集团
20260902,002666,德联集团
20260902,002668,TCL智家
20260902,002669,康达新材
20260902,002670,国盛证券
20260902,002671,龙泉股份
20260902,002672,东江环保
20260902,002673,西部证券
20260902,002674,兴业科技
20260902,002675,东诚药业
20260902,002676,顺威股份
20260902,002677,浙江美大
20260902,002678,珠江钢琴
20260902,002679,福建金森
20260902,002681,奋达科技
20260902,002682,龙洲股份
20260902,002683,广东宏大
20260902,002685,华东重机
20260902,002686,亿利达
20260902,002687,乔治白
20260902,002688,金河生物
20260902,002690,美亚光电
20260902,002692,远程股份
20260902,002693,双成药业
20260902,002695,煌上煌
20260902,002696,百洋股份
20260902,002697,红旗连锁
20260902,002698,博实股份
20260902,002700,万憬能源
20260902,002701,奥瑞金
20260902,002702,海欣食品
20260902,002703,浙江世宝
20260902,002705,新宝股份
20260902,002706,良信股份
20260902,002707,众信旅游
20260902,002708,光洋股份
20260902,002709,天赐材料
20260902,002712,思美传媒
20260902,002713,东易日盛
20260902,002714,牧原股份
20260902,002715,登云股份
20260902,002716,湖南白银
20260902,002718,友邦吊顶
20260902,002721,金一文化
20260902,002722,物产金轮
20260902,002723,小崧股份
20260902,002724,海洋王
20260902,002725,跃岭股份
20260902,002727,一心堂
20260902,002728,特一药业
20260902,002729,好利科技
20260902,002730,电光科技
20260902,002732,燕塘乳业
20260902,002733,雄韬股份
20260902,002734,利民股份
20260902,002735,王子新材
20260902,002736,国信证券
20260902,002737,葵花药业
20260902,002738,中矿资源
20260902,002739,儒意电影
20260902,002741,光华科技
20260902,002742,冀衡医药
20260902,002743,富煌钢构
20260902,002745,木林森
20260902,002746,仙坛股份
20260902,002747,埃斯顿
20260902,002748,世龙实业
20260902,002749,国光股份
20260902,002752,昇兴股份
20260902,002753,永东股份
20260902,002755,奥赛康
20260902,002756,永兴材料
20260902,002757,南兴股份
20260902,002758,浙农股份
20260902,002760,凤形股份
20260902,002761,浙江建投
20260902,002762,金发拉比
20260902,002763,汇洁股份
20260902,002765,蓝黛科技
20260902,002766,索菱股份
20260902,002767,先锋电子
20260902,002768,国恩股份
20260902,002769,普路通
20260902,002771,真视通
20260902,002772,众兴菌业
20260902,002773,康弘药业
20260902,002774,快意电梯
20260902,002775,文科股份
20260902,002777,久远银海
20260902,002778,中晟高科
20260902,002779,中坚科技
20260902,002780,三夫户外
20260902,002782,可立克
20260902,002783,凯龙股份
20260902,002785,万里石
20260902,002786,银宝山新
20260902,002787,华源控股
20260902,002788,鹭燕医药
20260902,002790,瑞尔特
20260902,002791,坚朗五金
20260902,002792,通宇通讯
20260902,002793,罗欣药业
20260902,002795,永和智控
20260902,002796,世嘉科技
20260902,002797,第一创业
20260902,002798,帝欧水华
20260902,002799,环球印务
20260902,002800,天顺股份
20260902,002801,微光股份
20260902,002802,洪汇新材
20260902,002803,吉宏股份
20260902,002805,丰元股份
20260902,002806,华锋股份
20260902,002807,江阴银行
20260902,002809,红墙股份
20260902,002810,山东赫达
20260902,002811,郑中设计
20260902,002812,恩捷股份
20260902,002813,路畅科技
20260902,002815,崇达技术
20260902,002817,黄山胶囊
20260902,002818,富森美
20260902,002819,东方中科
20260902,002820,桂发祥
20260902,002821,凯莱英
20260902,002823,凯中精密
20260902,002824,和胜股份
20260902,002825,纳尔股份
20260902,002826,易明医药
20260902,002827,高争民爆
20260902,002828,贝肯能源
20260902,002829,星网宇达
20260902,002830,名雕股份
20260902,002831,裕同科技
20260902,002832,比音勒芬
20260902,002833,弘亚数控
20260902,002835,同为股份
20260902,002836,新宏泽
20260902,002837,英维克
20260902,002838,道恩股份
20260902,002839,张家港行
20260902,002840,华统股份
20260902,002841,视源股份
20260902,002842,翔鹭钨业
20260902,002843,泰嘉股份
20260902,002845,同兴达
20260902,002846,英联股份
20260902,002847,盐津铺子
20260902,002848,高斯贝尔
20260902,002849,威星智能
20260902,002850,科达利
20260902,002851,麦格米特
20260902,002852,道道全
20260902,002853,皮阿诺
20260902,002855,捷荣技术
20260902,002857,三晖电气
20260902,002858,力盛体育
20260902,002859,洁美科技
20260902,002860,星帅尔
20260902,002861,瀛通通讯
20260902,002862,实丰文化
20260902,002863,今飞凯达
20260902,002864,盘龙药业
20260902,002865,钧达股份
20260902,002866,传艺科技
20260902,002867,周大生
20260902,002868,绿康生化
20260902,002869,金溢科技
20260902,002871,伟隆股份
20260902,002873,新天药业
20260902,002875,安奈儿
20260902,002876,三利谱
20260902,002877,智能自控
20260902,002878,元隆雅图
20260902,002879,长缆科技
20260902,002880,卫光生物
20260902,002881,美格智能
20260902,002882,金龙羽
20260902,002884,凌霄泵业
20260902,002885,京泉华
20260902,002886,沃特股份
20260902,002887,绿茵生态
20260902,002888,惠威科技
20260902,002889,东方嘉盛
20260902,002890,弘宇股份
20260902,002891,中宠股份
20260902,002892,科力尔
20260902,002893,京能热力
20260902,002895,川恒股份
20260902,002896,中大力德
20260902,002897,意华股份
20260902,002899,英派斯
20260902,002900,哈三联
20260902,002901,大博医疗
20260902,002902,铭普光磁
20260902,002903,宇环数控
20260902,002905,金逸影视
20260902,002906,华阳集团
20260902,002907,华森制药
20260902,002908,德生科技
20260902,002909,集泰股份
20260902,002910,庄园牧场
20260902,002911,佛燃能源
20260902,002912,中新赛克
20260902,002913,奥士康
20260902,002915,中欣氟材
20260902,002916,深南电路
20260902,002917,金奥博
20260902,002918,蒙娜丽莎
20260902,002919,名臣健康
20260902,002920,德赛西威
20260902,002921,联诚精密
20260902,002922,伊戈尔
20260902,002923,润都股份
20260902,002925,盈趣科技
20260902,002926,华西证券
20260902,002927,泰永长征
20260902,002928,华夏航空
20260902,002929,润建股份
20260902,002930,宏川智慧
20260902,002931,锋龙股份
20260902,002933,新兴装备
20260902,002935,天奥电子
20260902,002936,郑州银行
20260902,002937,兴瑞科技
20260902,002938,鹏鼎控股
20260902,002939,长城证券
20260902,002940,昂利康
20260902,002941,新疆交建
20260902,002942,新农股份
20260902,002943,宇晶股份
20260902,002945,华林证券
20260902,002946,新乳业
20260902,002947,恒铭达
20260902,002948,青岛银行
20260902,002949,华阳国际
20260902,002950,奥美医疗
20260902,002951,金时科技
20260902,002952,亚世光电
20260902,002953,日丰股份
20260902,002955,鸿合科技
20260902,002956,西麦食品
20260902,002957,科瑞技术
20260902,002958,青农商行
20260902,002959,小熊电器
20260902,002960,青鸟智控
20260902,002961,瑞达期货
20260902,002962,五方光电
20260902,002963,豪尔赛
20260902,002965,祥鑫科技
20260902,002966,苏州银行
20260902,002967,广电计量
20260902,002968,新大正
20260902,002969,嘉美包装
20260902,002970,锐明技术
20260902,002971,和远气体
20260902,002972,科安达
20260902,002973,侨银股份
20260902,002975,博杰股份
20260902,002976,瑞玛精密
20260902,002978,安宁股份
20260902,002979,雷赛智能
20260902,002980,华盛昌
20260902,002981,朝阳科技
20260902,002982,湘佳股份
20260902,002983,芯瑞达
20260902,002984,森麒麟
20260902,002985,北摩高科
20260902,002986,宇新股份
20260902,002987,京北方
20260902,002988,豪美新材
20260902,002989,中天精装
20260902,002990,盛视科技
20260902,002991,甘源食品
20260902,002992,宝明科技
20260902,002993,奥海科技
20260902,002995,天地在线
20260902,002996,顺博合金
20260902,002997,瑞鹄模具
20260902,002998,优彩资源
20260902,002999,天禾股份
20260902,003000,劲仔食品
20260902,003001,中岩大地
20260902,003002,壶化股份
20260902,003003,天元股份
20260902,003004,声迅股份
20260902,003005,竞业达
20260902,003006,百亚股份
20260902,003007,直真科技
20260902,003008,开普检测
20260902,003009,中天火箭
20260902,003010,若羽臣
20260902,003011,海象新材
20260902,003012,东鹏控股
20260902,003013,地铁设计
20260902,003015,日久光电
20260902,003016,欣贺股份
20260902,003017,大洋生物
20260902,003018,金富科技
20260902,003019,宸展光电
20260902,003020,立方制药
20260902,003021,兆威机电
20260902,003022,联泓新科
20260902,003023,彩虹集团
20260902,003025,思进智能
20260902,003026,中晶科技
20260902,003027,同兴科技
20260902,003028,振邦智能
20260902,003029,吉大正元
20260902,003030,祖名股份
20260902,003031,中瓷电子
20260902,003032,传智教育
20260902,003033,征和工业
20260902,003035,南网能源
20260902,003036,泰坦股份
20260902,003037,三和管桩
20260902,003038,鑫铂股份
20260902,003039,顺控发展
20260902,003040,楚天龙
20260902,003041,真爱美家
20260902,003042,中农联合
20260902,003043,华亚智能
20260902,003816,中国广核
20260902,300001,特锐德
20260902,300002,神州泰岳
20260902,300003,乐普医疗
20260902,300004,南风股份
20260902,300005,探路者
20260902,300006,莱美药业
20260902,300007,汉威科技
20260902,300008,天海防务
20260902,300009,安科生物
20260902,300011,鼎汉技术
20260902,300012,华测检测
20260902,300013,新宁物流
20260902,300014,亿纬锂能
20260902,300015,爱尔眼科
20260902,300016,北陆药业
20260902,300017,网宿科技
20260902,300018,中元股份
20260902,300019,硅宝科技
20260902,300021,大禹节水
20260902,300022,吉峰科技
20260902,300024,机器人
20260902,300025,华星创业
20260902,300026,红日药业
20260902,300030,阳普医疗
20260902,300031,宝通科技
20260902,300032,金龙机电
20260902,300033,同花顺
20260902,300034,钢研高纳
20260902,300035,中科电气
20260902,300036,超图软件
20260902,300037,新宙邦
20260902,300039,上海凯宝
20260902,300040,九洲集团
20260902,300041,回天新材
20260902,300042,朗科科技
20260902,300043,星辉娱乐
20260902,300045,华力创通
20260902,300046,台基股份
20260902,300047,天源迪科
20260902,300048,合康新能
20260902,300049,福瑞医科
20260902,300050,世纪鼎利
20260902,300051,琏升科技
20260902,300052,中青宝
20260902,300053,航宇微
20260902,300054,鼎龙股份
20260902,300055,万邦达
20260902,300056,中创环保
20260902,300057,万顺新材
20260902,300058,蓝色光标
20260902,300059,东方财富
20260902,300061,旗天科技
20260902,300062,中能电气
20260902,300063,天龙集团
20260902,300065,海兰信
20260902,300066,三川智慧
20260902,300067,安诺其
20260902,300069,金利华电
20260902,300070,碧水源
20260902,300071,福石控股
20260902,300072,海新能科
20260902,300073,当升科技
20260902,300074,华平股份
20260902,300075,数字政通
20260902,300077,国民技术
20260902,300078,思创智联
20260902,300079,数码视讯
20260902,300080,易成新能
20260902,300082,奥克股份
20260902,300083,创世纪
20260902,300084,海默科技
20260902,300085,银之杰
20260902,300086,康芝药业
20260902,300088,长信科技
20260902,300092,科新机电
20260902,300093,金刚光伏
20260902,300094,国联水产
20260902,300095,华伍股份
20260902,300097,智云股份
20260902,300098,高新兴
20260902,300099,尤洛卡
20260902,300100,双林股份
20260902,300101,振芯科技
20260902,300102,乾照光电
20260902,300103,达刚控股
20260902,300105,龙源技术
20260902,300106,西部牧业
20260902,300107,建新股份
20260902,300109,新开源
20260902,300110,华仁药业
20260902,300111,向日葵
20260902,300112,万讯自控
20260902,300113,顺网科技
20260902,300115,长盈精密
20260902,300118,东方日升
20260902,300119,瑞普生物
20260902,300120,经纬辉开
20260902,300121,阳谷华泰
20260902,300122,智飞生物
20260902,300124,汇川技术
20260902,300125,聆达股份
20260902,300126,锐奇股份
20260902,300127,银河磁体
20260902,300128,锦富技术
20260902,300129,泰胜风能
20260902,300130,新国都
20260902,300131,英唐智控
20260902,300132,诺斯贝尔
20260902,300133,华策影视
20260902,300134,大富科技
20260902,300135,宝利国际
20260902,300136,信维通信
20260902,300137,先河环保
20260902,300138,晨光生物
20260902,300139,晓程科技
20260902,300140,节能环境
20260902,300141,和顺电气
20260902,300142,沃森生物
20260902,300143,盈康生命
20260902,300144,宋城演艺
20260902,300145,南方泵业
20260902,300146,汤臣倍健
20260902,300148,天舟文化
20260902,300149,睿智医药
20260902,300150,世纪瑞尔
20260902,300151,昌红科技
20260902,300153,科泰电源
20260902,300154,瑞凌股份
20260902,300155,安居宝
20260902,300157,新锦动力
20260902,300158,振东制药
20260902,300159,新研股份
20260902,300160,秀强股份
20260902,300161,华中数控
20260902,300162,雷曼光电
20260902,300163,先锋新材
20260902,300164,通源石油
20260902,300165,天瑞仪器
20260902,300166,东方国信
20260902,300168,万达信息
20260902,300169,天晟新材
20260902,300170,汉得信息
20260902,300171,东富龙
20260902,300172,中电环保
20260902,300174,元力股份
20260902,300175,朗源股份
20260902,300176,鸿特科技
20260902,300177,中海达
20260902,300179,四方达
20260902,300180,华峰超纤
20260902,300181,佐力药业
20260902,300182,捷成股份
20260902,300183,东软载波
20260902,300184,力源信息
20260902,300185,通裕重工
20260902,300187,永清环保
20260902,300188,国投智能
20260902,300189,神农种业
20260902,300190,维尔利
20260902,300191,潜能恒信
20260902,300192,科德教育
20260902,300193,佳士科技
20260902,300194,福安药业
20260902,300195,长荣股份
20260902,300196,长海股份
20260902,300197,节能铁汉
20260902,300199,翰宇药业
20260902,300200,高盟新材
20260902,300201,海伦哲
20260902,300203,聚光科技
20260902,300204,舒泰神
20260902,300206,理邦仪器
20260902,300207,欣旺达
20260902,300209,行云科技
20260902,300210,森远股份
20260902,300213,佳讯飞鸿
20260902,300214,日科化学
20260902,300215,电科院
20260902,300217,东方电热
20260902,300218,安利股份
20260902,300219,鸿利智汇
20260902,300220,金运激光
20260902,300221,银禧科技
20260902,300222,科大智能
20260902,300223,君正股份
20260902,300224,正海磁材
20260902,300225,金力泰
20260902,300226,上海钢联
20260902,300227,光韵达
20260902,300228,富瑞特装
20260902,300229,拓尔思
20260902,300230,永利股份
20260902,300231,银信科技
20260902,300232,洲明科技
20260902,300233,金城医药
20260902,300234,开尔新材
20260902,300235,方直科技
20260902,300236,上海新阳
20260902,300238,冠昊生物
20260902,300239,东宝生物
20260902,300240,飞力达
20260902,300241,瑞丰光电
20260902,300242,佳云科技
20260902,300243,瑞丰高材
20260902,300244,迪安诊断
20260902,300246,宝莱特
20260902,300247,融捷健康
20260902,300248,新开普
20260902,300249,依米康
20260902,300250,初灵信息
20260902,300251,光线传媒
20260902,300252,金信诺
20260902,300253,卫宁健康
20260902,300254,仟源医药
20260902,300255,常山药业
20260902,300256,星星科技
20260902,300257,开山股份
20260902,300258,精锻科技
20260902,300259,新天科技
20260902,300260,新莱应材
20260902,300261,雅本化学
20260902,300263,隆华科技
20260902,300264,佳创视讯
20260902,300265,通光线缆
20260902,300266,兴源环境
20260902,300267,尔康制药
20260902,300268,佳沃食品
20260902,300269,联建光电
20260902,300270,中威电子
20260902,300271,华宇软件
20260902,300272,开能健康
20260902,300274,阳光电源
20260902,300275,梅安森
20260902,300276,三丰智能
20260902,300277,汽轮科技
20260902,300278,华昌达
20260902,300279,和晶科技
20260902,300281,金明精机
20260902,300283,温州宏丰
20260902,300284,苏交科
20260902,300285,国瓷材料
20260902,300286,安科瑞
20260902,300287,飞利信
20260902,300288,朗玛信息
20260902,300289,利德曼
20260902,300291,百纳千成
20260902,300292,吴通控股
20260902,300293,蓝英装备
20260902,300294,博雅生物
20260902,300296,利亚德
20260902,300298,三诺生物
20260902,300299,富春股份
20260902,300300,海峡创新
20260902,300302,同有科技
20260902,300303,聚飞光电
20260902,300304,云意电气
20260902,300305,裕兴股份
20260902,300306,远方信息
20260902,300307,慈星股份
20260902,300308,中际旭创
20260902,300310,宜通世纪
20260902,300311,任子行
20260902,300313,天山生物
20260902,300314,戴维医疗
20260902,300315,掌趣科技
20260902,300316,晶盛机电
20260902,300317,珈伟新能
20260902,300318,博晖创新
20260902,300319,麦捷科技
20260902,300320,海达股份
20260902,300321,同大股份
20260902,300322,硕贝德
20260902,300323,华灿光电
20260902,300324,旋极信息
20260902,300327,中颖电子
20260902,300328,宜安科技
20260902,300329,海伦钢琴
20260902,300331,苏大维格
20260902,300332,天壕能源
20260902,300333,兆日科技
20260902,300334,津膜科技
20260902,300335,迪森股份
20260902,300337,银邦股份
20260902,300339,润和软件
20260902,300340,科恒股份
20260902,300341,麦克奥迪
20260902,300342,天银机电
20260902,300343,联创股份
20260902,300345,华民股份
20260902,300346,南大光电
20260902,300347,泰格医药
20260902,300348,长亮科技
20260902,300349,金卡智能
20260902,300350,华鹏飞
20260902,300351,永贵电器
20260902,300353,东土科技
20260902,300354,东华测试
20260902,300355,蒙草生态
20260902,300357,我武生物
20260902,300358,楚天科技
20260902,300359,全通教育
20260902,300360,炬华科技
20260902,300363,博腾股份
20260902,300364,中文在线
20260902,300365,恒华科技
20260902,300368,汇金股份
20260902,300369,绿盟科技
20260902,300370,安控科技
20260902,300371,汇中股份
20260902,300373,扬杰科技
20260902,300374,中铁装配
20260902,300375,鹏翎股份
20260902,300376,易事特
20260902,300377,赢时胜
20260902,300378,鼎捷数智
20260902,300380,安硕信息
20260902,300381,溢多利
20260902,300382,斯莱克
20260902,300383,光环新网
20260902,300384,三联虹普
20260902,300386,飞天诚信
20260902,300387,富邦科技
20260902,300388,节能国祯
20260902,300389,艾比森
20260902,300390,天华新能
20260902,300393,中来股份
20260902,300394,天孚通信
20260902,300395,菲利华
20260902,300397,天和防务
20260902,300398,飞凯材料
20260902,300399,天利科技
20260902,300400,劲拓股份
20260902,300401,花园生物
20260902,300402,宝色股份
20260902,300403,汉宇集团
20260902,300404,博济医药
20260902,300405,科隆股份
20260902,300406,九强生物
20260902,300407,凯发电气
20260902,300408,三环集团
20260902,300409,道氏技术
20260902,300410,正业科技
20260902,300411,金盾股份
20260902,300412,迦南科技
20260902,300413,芒果超媒
20260902,300414,中光防雷
20260902,300415,伊之密
20260902,300416,苏试试验
20260902,300417,南华仪器
20260902,300418,昆仑万维
20260902,300420,五洋自控
20260902,300421,力星股份
20260902,300422,博世科
20260902,300423,昇辉科技
20260902,300424,航新科技
20260902,300425,中建环能
20260902,300426,华智数媒
20260902,300427,红相股份
20260902,300428,立中集团
20260902,300429,强力新材
20260902,300432,富临精工
20260902,300433,蓝思科技
20260902,300434,金石亚药
20260902,300435,中泰股份
20260902,300436,广生堂
20260902,300437,清水源
20260902,300438,鹏辉能源
20260902,300439,美康生物
20260902,300440,运达科技
20260902,300441,鲍斯股份
20260902,300442,润泽科技
20260902,300443,金雷股份
20260902,300444,双杰电气
20260902,300445,康斯特
20260902,300446,航天智造
20260902,300447,全信股份
20260902,300448,浩云科技
20260902,300449,汉邦高科
20260902,300450,先导智能
20260902,300451,创业慧康
20260902,300452,山河药辅
20260902,300453,三鑫医疗
20260902,300454,深信服
20260902,300455,航天智装
20260902,300456,赛微电子
20260902,300457,赢合科技
20260902,300458,全志科技
20260902,300459,汤姆猫
20260902,300461,田中精机
20260902,300463,迈克生物
20260902,300464,星徽股份
20260902,300465,高伟达
20260902,300466,赛摩智能
20260902,300467,迅游科技
20260902,300468,四方精创
20260902,300469,信息发展
20260902,300470,中密控股
20260902,300471,厚普股份
20260902,300473,德尔股份
20260902,300474,景嘉微
20260902,300475,香农芯创
20260902,300476,胜宏科技
20260902,300478,杭州高新
20260902,300479,神思电子
20260902,300480,光力科技
20260902,300481,濮阳惠成
20260902,300482,万孚生物
20260902,300483,首华燃气
20260902,300484,蓝海华腾
20260902,300485,赛升药业
20260902,300486,东杰智能
20260902,300487,蓝晓科技
20260902,300488,恒锋工具
20260902,300489,光智科技
20260902,300490,华自科技
20260902,300491,通合科技
20260902,300492,华图山鼎
20260902,300493,润欣科技
20260902,300494,盛天网络
20260902,300496,中科创达
20260902,300497,富祥股份
20260902,300498,温氏股份
20260902,300499,高澜股份
20260902,300500,启迪设计
20260902,300501,海顺新材
20260902,300502,新易盛
20260902,300503,昊志机电
20260902,300504,天邑股份
20260902,300505,川金诺
20260902,300506,名家汇
20260902,300507,苏奥传感
20260902,300508,维宏股份
20260902,300509,新美星
20260902,300510,金冠股份
20260902,300511,雪榕生物
20260902,300512,中亚股份
20260902,300513,恒实科技
20260902,300514,友讯达
20260902,300515,三德科技
20260902,300516,久之洋
20260902,300517,海波重科
20260902,300518,新迅达
20260902,300519,新光药业
20260902,300520,科大国创
20260902,300521,爱司凯
20260902,300522,世名科技
20260902,300523,辰安科技
20260902,300525,博思软件
20260902,300528,幸福蓝海
20260902,300529,健帆生物
20260902,300530,领湃科技
20260902,300531,优博讯
20260902,300532,今天国际
20260902,300533,冰川网络
20260902,300534,陇神戎发
20260902,300535,达威股份
20260902,300536,农尚环境
20260902,300537,广信材料
20260902,300538,同益股份
20260902,300539,横河精密
20260902,300540,蜀道装备
20260902,300541,先进数通
20260902,300542,新晨科技
20260902,300543,朗科智能
20260902,300545,联得装备
20260902,300546,雄帝科技
20260902,300547,川环科技
20260902,300548,长芯博创
20260902,300549,优德精密
20260902,300550,和仁科技
20260902,300551,古鳌科技
20260902,300552,万集科技
20260902,300553,集智股份
20260902,300554,三超新材
20260902,300556,丝路视觉
20260902,300557,理工光科
20260902,300558,贝达药业
20260902,300559,佳发教育
20260902,300560,中富通
20260902,300561,汇金科技
20260902,300562,乐心医疗
20260902,300563,神宇股份
20260902,300564,筑博设计
20260902,300565,科信技术
20260902,300566,激智科技
20260902,300567,精测电子
20260902,300568,星源材质
20260902,300569,天能重工
20260902,300570,太辰光
20260902,300571,平治信息
20260902,300572,安车检测
20260902,300573,兴齐眼药
20260902,300575,中旗股份
20260902,300576,容大感光
20260902,300577,开润股份
20260902,300578,会畅科技
20260902,300579,数字认证
20260902,300580,贝斯特
20260902,300581,晨曦航空
20260902,300582,英飞特
20260902,300583,赛托生物
20260902,300584,海辰药业
20260902,300585,奥联电子
20260902,300586,美联新材
20260902,300587,天铁科技
20260902,300588,熙菱信息
20260902,300589,江龙船艇
20260902,300590,移为通信
20260902,300591,万里马
20260902,300592,华凯易佰
20260902,300593,新雷能
20260902,300595,欧普康视
20260902,300596,利安隆
20260902,300597,吉大通信
20260902,300598,诚迈科技
20260902,300599,雄塑科技
20260902,300600,国瑞科技
20260902,300601,康泰生物
20260902,300602,飞荣达
20260902,300603,立昂技术
20260902,300604,长川科技
20260902,300605,恒锋信息
20260902,300606,金太阳
20260902,300607,拓斯达
20260902,300608,思特奇
20260902,300609,汇纳科技
20260902,300610,晨化股份
20260902,300611,美力科技
20260902,300612,宣亚国际
20260902,300613,富瀚微
20260902,300614,百川畅银
20260902,300615,欣天科技
20260902,300616,尚品宅配
20260902,300617,安靠智电
20260902,300618,寒锐钴业
20260902,300619,金银河
20260902,300620,光库科技
20260902,300621,维业股份
20260902,300622,博士眼镜
20260902,300623,捷捷微电
20260902,300624,万兴科技
20260902,300625,三雄极光
20260902,300626,华瑞股份
20260902,300627,华测导航
20260902,300628,亿联网络
20260902,300629,新劲刚
20260902,300631,久吾高科
20260902,300632,光莆股份
20260902,300633,开立医疗
20260902,300634,彩讯股份
20260902,300635,中达安
20260902,300636,同和药业
20260902,300637,扬帆新材
20260902,300638,广和通
20260902,300639,凯普生物
20260902,300640,德艺文创
20260902,300641,正丹股份
20260902,300642,透景生命
20260902,300643,万通智控
20260902,300644,南京聚隆
20260902,300645,正元智慧
20260902,300647,超频三
20260902,300648,星云股份
20260902,300649,杭州园林
20260902,300650,太龙股份
20260902,300651,金陵体育
20260902,300652,雷迪克
20260902,300653,正海生物
20260902,300654,世纪天鸿
20260902,300655,晶瑞电材
20260902,300656,民德电子
20260902,300657,弘信电子
20260902,300658,延江股份
20260902,300659,中孚信息
20260902,300660,江苏雷利
20260902,300661,圣邦股份
20260902,300662,科锐国际
20260902,300663,科蓝软件
20260902,300664,鹏鹞环保
20260902,300665,飞鹿股份
20260902,300666,江丰电子
20260902,300667,必创科技
20260902,300668,杰恩股份
20260902,300669,沪宁股份
20260902,300670,大烨智能
20260902,300671,富满微
20260902,300672,国科微
20260902,300673,佩蒂股份
20260902,300674,宇信科技
20260902,300675,建科院
20260902,300676,华大基因
20260902,300677,英科医疗
20260902,300678,中科信息
20260902,300679,电连技术
20260902,300680,隆盛科技
20260902,300681,英搏尔
20260902,300682,朗新科技
20260902,300683,海特生物
20260902,300684,中石科技
20260902,300685,艾德生物
20260902,300686,智动力
20260902,300687,赛意信息
20260902,300688,创业黑马
20260902,300689,澄天伟业
20260902,300690,双一科技
20260902,300691,联合光电
20260902,300692,中赋科技
20260902,300693,盛弘股份
20260902,300694,蠡湖股份
20260902,300695,兆丰股份
20260902,300696,爱乐达
20260902,300697,电工合金
20260902,300698,万马科技
20260902,300699,光威复材
20260902,300700,岱勒新材
20260902,300701,森霸传感
20260902,300702,天宇股份
20260902,300703,创源股份
20260902,300705,九典制药
20260902,300706,阿石创
20260902,300707,威唐工业
20260902,300708,聚灿光电
20260902,300709,精研科技
20260902,300710,万隆光电
20260902,300711,广哈通信
20260902,300712,永福股份
20260902,300713,英可瑞
20260902,300715,凯伦股份
20260902,300717,华信新材
20260902,300718,长盛轴承
20260902,300719,安达维尔
20260902,300720,海川智能
20260902,300721,怡达股份
20260902,300722,新余国科
20260902,300723,一品红
20260902,300724,捷佳伟创
20260902,300725,药石科技
20260902,300726,宏达电子
20260902,300727,润禾材料
20260902,300729,乐歌股份
20260902,300730,科创信息
20260902,300731,科创新源
20260902,300732,设研院
20260902,300733,西菱动力
20260902,300735,光弘科技
20260902,300736,百邦科技
20260902,300737,科顺股份
20260902,300738,奥飞数据
20260902,300739,明阳电路
20260902,300740,水羊股份
20260902,300741,华宝股份
20260902,300743,天地数码
20260902,300745,欣锐科技
20260902,300746,汉嘉数智
20260902,300747,锐科激光
20260902,300748,金力永磁
20260902,300749,顶固集创
20260902,300750,宁德时代
20260902,300751,迈为股份
20260902,300752,隆利科技
20260902,300753,爱朋医疗
20260902,300755,华致酒行
20260902,300756,金马游乐
20260902,300757,罗博特科
20260902,300758,七彩化学
20260902,300759,康龙化成
20260902,300760,迈瑞医疗
20260902,300761,立华股份
20260902,300762,上海瀚讯
20260902,300763,锦浪科技
20260902,300765,石药创新
20260902,300766,每日互动
20260902,300767,震安科技
20260902,300768,迪普科技
20260902,300769,德方纳米
20260902,300770,新媒股份
20260902,300771,智莱科技
20260902,300772,运达股份
20260902,300773,拉卡拉
20260902,300774,倍杰特
20260902,300775,三角防务
20260902,300776,帝尔激光
20260902,300777,中简科技
20260902,300778,新城市
20260902,300779,惠城环保
20260902,300780,德恩精工
20260902,300781,因赛集团
20260902,300782,卓胜微
20260902,300783,三只松鼠
20260902,300784,利安科技
20260902,300785,值得买
20260902,300786,国林科技
20260902,300787,海能实业
20260902,300788,中信出版
20260902,300789,唐源电气
20260902,300790,宇瞳光学
20260902,300791,仙乐健康
20260902,300792,壹网壹创
20260902,300793,佳禾智能
20260902,300795,米奥会展
20260902,300796,贝斯美
20260902,300797,钢研纳克
20260902,300798,锦鸡股份
20260902,300800,力合科技
20260902,300801,泰和科技
20260902,300802,矩子科技
20260902,300803,指南针
20260902,300804,广康生化
20260902,300805,电声股份
20260902,300806,斯迪克
20260902,300807,天迈科技
20260902,300808,久量股份
20260902,300809,华辰装备
20260902,300810,中科海讯
20260902,300811,铂科新材
20260902,300812,易天股份
20260902,300813,泰林生物
20260902,300814,中富电路
20260902,300815,玉禾田
20260902,300816,艾可蓝
20260902,300817,双飞集团
20260902,300818,耐普矿机
20260902,300819,聚杰微纤
20260902,300820,英杰电气
20260902,300821,东岳硅材
20260902,300822,贝仕达克
20260902,300823,建科智能
20260902,300824,北鼎股份
20260902,300825,阿尔特
20260902,300826,测绘股份
20260902,300827,上能电气
20260902,300828,锐新科技
20260902,300829,金丹科技
20260902,300830,金现代
20260902,300832,新产业
20260902,300833,浩洋股份
20260902,300834,星辉环材
20260902,300835,龙磁科技
20260902,300836,佰奥智能
20260902,300837,浙矿股份
20260902,300838,浙江力诺
20260902,300839,博汇股份
20260902,300840,酷特智能
20260902,300841,康华生物
20260902,300842,帝科股份
20260902,300843,胜蓝股份
20260902,300844,山水比德
20260902,300845,捷安高科
20260902,300846,首都在线
20260902,300847,中船汉光
20260902,300848,美瑞新材
20260902,300849,锦盛新材
20260902,300850,新强联
20260902,300851,交大思诺
20260902,300852,四会富仕
20260902,300853,申昊科技
20260902,300854,中兰环保
20260902,300855,图南股份
20260902,300856,科思股份
20260902,300857,协创数据
20260902,300858,科拓生物
20260902,300859,西域旅游
20260902,300860,锋尚文化
20260902,300861,美畅股份
20260902,300862,蓝盾光电
20260902,300863,卡倍亿
20260902,300864,南大环境
20260902,300865,大宏立
20260902,300866,安克创新
20260902,300867,圣元环保
20260902,300868,杰美特
20260902,300869,康泰医学
20260902,300870,欧陆通
20260902,300871,回盛生物
20260902,300872,天阳科技
20260902,300873,海晨股份
20260902,300875,捷强装备
20260902,300876,蒙泰高新
20260902,300877,金春股份
20260902,300878,维康药业
20260902,300879,大叶股份
20260902,300880,迦南智能
20260902,300881,盛德鑫泰
20260902,300882,万胜智能
20260902,300883,龙利得
20260902,300884,狄耐克
20260902,300885,海昌新材
20260902,300886,华业香料
20260902,300887,谱尼测试
20260902,300888,稳健医疗
20260902,300889,爱克股份
20260902,300890,翔丰华
20260902,300891,惠云钛业
20260902,300892,品渥食品
20260902,300893,松原安全
20260902,300894,火星人
20260902,300895,铜牛信息
20260902,300896,爱美客
20260902,300897,山科智能
20260902,300898,熊猫乳品
20260902,300899,上海凯鑫
20260902,300900,广联航空
20260902,300901,中胤时尚
20260902,300902,国安达
20260902,300903,科翔股份
20260902,300904,威力传动
20260902,300905,宝丽迪
20260902,300906,日月明
20260902,300907,康平科技
20260902,300908,仲景食品
20260902,300909,汇创达
20260902,300910,瑞丰新材
20260902,300911,亿田智能
20260902,300912,凯龙高科
20260902,300913,兆龙互连
20260902,300915,海融科技
20260902,300916,朗特智能
20260902,300917,特发服务
20260902,300918,南山智尚
20260902,300919,中伟新材
20260902,300920,润阳科技
20260902,300921,南凌科技
20260902,300922,天秦装备
20260902,300923,研奥股份
20260902,300925,法本信息
20260902,300926,博俊科技
20260902,300927,江天化学
20260902,300928,华安鑫创
20260902,300929,华骐环保
20260902,300930,屹通新材
20260902,300931,通用电梯
20260902,300932,三友联众
20260902,300933,中辰股份
20260902,300935,盈建科
20260902,300936,中英科技
20260902,300937,药易购
20260902,300938,信测标准
20260902,300939,秋田微
20260902,300940,南极光
20260902,300941,创识科技
20260902,300942,易瑞生物
20260902,300943,春晖智控
20260902,300945,曼卡龙
20260902,300946,恒而达
20260902,300947,德必集团
20260902,300948,冠中生态
20260902,300949,奥雅股份
20260902,300950,德固特
20260902,300951,博硕科技
20260902,300952,恒辉安防
20260902,300953,震裕科技
20260902,300955,嘉亨家化
20260902,300956,英力股份
20260902,300957,贝泰妮
20260902,300958,建工修复
20260902,300959,线上线下
20260902,300960,通业科技
20260902,300961,深水海纳
20260902,300962,中金辐照
20260902,300963,中洲特材
20260902,300964,本川智能
20260902,300965,恒宇信通
20260902,300966,共同药业
20260902,300967,晓鸣股份
20260902,300968,格林精密
20260902,300969,恒帅股份
20260902,300970,华绿生物
20260902,300971,博亚精工
20260902,300972,万辰集团
20260902,300973,立高食品
20260902,300975,商络电子
20260902,300976,达瑞电子
20260902,300977,深圳瑞捷
20260902,300978,东箭科技
20260902,300979,华利集团
20260902,300980,祥源新材
20260902,300981,中红医疗
20260902,300982,苏文电能
20260902,300983,尤安设计
20260902,300984,金沃股份
20260902,300985,致远新能
20260902,300986,志特新材
20260902,300987,川网传媒
20260902,300988,津荣天宇
20260902,300989,蕾奥规划
20260902,300990,同飞股份
20260902,300991,创益通
20260902,300992,泰福泵业
20260902,300993,玉马科技
20260902,300994,久祺股份
20260902,300995,奇德新材
20260902,300996,普联软件
20260902,300997,欢乐家
20260902,300998,宁波方正
20260902,300999,金龙鱼
20260902,301000,肇民科技
20260902,301001,凯淳股份
20260902,301002,崧盛股份
20260902,301003,江苏博云
20260902,301004,嘉益股份
20260902,301005,超捷股份
20260902,301006,迈拓股份
20260902,301007,德迈仕
20260902,301008,宏昌科技
20260902,301009,可靠股份
20260902,301010,晶雪节能
20260902,301011,华立科技
20260902,301012,扬电科技
20260902,301013,利和兴
20260902,301015,百洋医药
20260902,301016,雷尔伟
20260902,301017,漱玉平民
20260902,301018,申菱环境
20260902,301019,宁波色母
20260902,301020,密封科技
20260902,301021,英诺激光
20260902,301022,海泰科
20260902,301023,奕帆传动
20260902,301024,霍普股份
20260902,301025,读客文化
20260902,301026,浩通科技
20260902,301027,华蓝集团
20260902,301028,鼎熔岩
20260902,301029,怡合达
20260902,301031,中熔电气
20260902,301032,新柴股份
20260902,301033,迈普医学
20260902,301035,润丰股份
20260902,301036,双乐股份
20260902,301037,保立佳
20260902,301038,深水规院
20260902,301039,中集车辆
20260902,301040,中环海陆
20260902,301041,金百泽
20260902,301042,安联锐视
20260902,301043,绿岛风
20260902,301045,天禄科技
20260902,301046,能辉科技
20260902,301047,义翘神州
20260902,301048,金鹰重工
20260902,301049,超越科技
20260902,301050,雷电微力
20260902,301051,信濠光电
20260902,301052,果麦文化
20260902,301053,远信工业
20260902,301055,张小泉
20260902,301056,森赫股份
20260902,301057,汇隆新材
20260902,301058,中粮科工
20260902,301059,金三江
20260902,301060,兰卫医学
20260902,301061,匠心家居
20260902,301062,上海艾录
20260902,301063,海锅股份
20260902,301065,本立科技
20260902,301066,万事利
20260902,301067,显盈科技
20260902,301068,大地海洋
20260902,301069,凯盛新材
20260902,301070,开勒股份
20260902,301071,力量钻石
20260902,301072,中捷精工
20260902,301073,君亭酒店
20260902,301075,多瑞医药
20260902,301076,新瀚新材
20260902,301077,星华新材
20260902,301078,孩子王
20260902,301079,邵阳液压
20260902,301080,百普赛斯
20260902,301081,严牌股份
20260902,301082,久盛电气
20260902,301083,百胜智能
20260902,301085,亚康股份
20260902,301086,鸿富瀚
20260902,301087,可孚医疗
20260902,301088,戎美股份
20260902,301089,拓新药业
20260902,301090,华润材料
20260902,301091,深城交
20260902,301092,争光股份
20260902,301093,华兰股份
20260902,301095,广立微
20260902,301096,百诚医药
20260902,301097,天益医疗
20260902,301098,金埔园林
20260902,301099,雅创电子
20260902,301100,风光股份
20260902,301101,明月镜片
20260902,301102,兆讯传媒
20260902,301103,何氏眼科
20260902,301105,鸿铭股份
20260902,301106,骏成科技
20260902,301107,瑜欣电子
20260902,301108,洁雅股份
20260902,301109,军信股份
20260902,301110,青木科技
20260902,301111,粤万年青
20260902,301112,信邦智能
20260902,301113,雅艺科技
20260902,301115,联检科技
20260902,301116,益客食品
20260902,301118,恒光股份
20260902,301119,正强股份
20260902,301120,新特电气
20260902,301121,紫建电子
20260902,301122,采纳股份
20260902,301123,奕东电子
20260902,301125,腾亚精工
20260902,301126,达嘉维康
20260902,301127,武汉天源
20260902,301128,强瑞技术
20260902,301129,瑞纳智能
20260902,301130,西点药业
20260902,301131,聚赛龙
20260902,301132,满坤科技
20260902,301133,金钟股份
20260902,301135,瑞德智能
20260902,301136,招标股份
20260902,301137,哈焊华通
20260902,301138,华研精机
20260902,301141,中科磁业
20260902,301148,嘉戎技术
20260902,301149,隆华新材
20260902,301150,中一科技
20260902,301151,冠龙节能
20260902,301152,天力锂能
20260902,301153,中科江南
20260902,301155,海力风电
20260902,301156,美农生物
20260902,301157,华塑科技
20260902,301158,德石股份
20260902,301159,三维天地
20260902,301160,翔楼新材
20260902,301161,唯万密封
20260902,301162,国能日新
20260902,301163,宏德股份
20260902,301165,锐捷网络
20260902,301166,优宁维
20260902,301167,建研设计
20260902,301168,通灵股份
20260902,301169,零点有数
20260902,301170,锡南科技
20260902,301171,易点天下
20260902,301172,君逸数码
20260902,301173,毓恬冠佳
20260902,301175,中科环保
20260902,301176,逸豪新材
20260902,301177,迪阿股份
20260902,301178,天亿马
20260902,301179,泽宇智能
20260902,301180,万祥科技
20260902,301181,标榜股份
20260902,301182,凯旺科技
20260902,301183,东田微
20260902,301185,鸥玛软件
20260902,301186,超达装备
20260902,301187,欧圣电气
20260902,301188,力诺药包
20260902,301189,奥尼电子
20260902,301190,善水科技
20260902,301191,菲菱科思
20260902,301192,泰祥股份
20260902,301193,家联科技
20260902,301195,北路智控
20260902,301196,唯科科技
20260902,301197,工大科雅
20260902,301198,喜悦智行
20260902,301199,迈赫股份
20260902,301200,大族数控
20260902,301201,诚达药业
20260902,301202,朗威股份
20260902,301203,国泰环保
20260902,301205,联特科技
20260902,301206,三元生物
20260902,301207,华兰疫苗
20260902,301208,中亦科技
20260902,301209,联合化学
20260902,301210,金杨精密
20260902,301211,亨迪药业
20260902,301212,联盛化学
20260902,301213,观想科技
20260902,301215,中汽股份
20260902,301216,万凯新材
20260902,301217,铜冠铜箔
20260902,301218,华是科技
20260902,301219,腾远钴业
20260902,301220,亚香股份
20260902,301221,光庭信息
20260902,301222,浙江恒威
20260902,301223,中荣股份
20260902,301225,恒勃股份
20260902,301226,祥明智能
20260902,301227,森鹰窗业
20260902,301228,实朴检测
20260902,301229,纽泰格
20260902,301230,泓博医药
20260902,301231,荣信文化
20260902,301232,飞沃科技
20260902,301233,盛帮股份
20260902,301234,五洲医疗
20260902,301235,华康洁净
20260902,301236,软通动力
20260902,301237,和顺科技
20260902,301238,瑞泰新材
20260902,301239,普瑞眼科
20260902,301246,宏源药业
20260902,301248,杰创智能
20260902,301251,威尔高
20260902,301252,同星科技
20260902,301255,通力科技
20260902,301256,华融化学
20260902,301257,普蕊斯
20260902,301258,富士莱
20260902,301259,艾布鲁
20260902,301260,格力博
20260902,301261,恒工精密
20260902,301262,海看股份
20260902,301263,泰恩康
20260902,301265,华新科技
20260902,301267,华厦眼科
20260902,301268,铭利达
20260902,301269,华大九天
20260902,301270,汉仪股份
20260902,301272,英华特
20260902,301273,瑞晨环保
20260902,301275,汉朔科技
20260902,301276,嘉曼服饰
20260902,301277,新天地
20260902,301278,快可电子
20260902,301279,金道科技
20260902,301280,珠城科技
20260902,301281,科源制药
20260902,301282,金禄电子
20260902,301283,聚胶股份
20260902,301285,鸿日达
20260902,301286,侨源股份
20260902,301287,康力源
20260902,301288,清研环境
20260902,301289,国缆检测
20260902,301290,东星医疗
20260902,301291,明阳电气
20260902,301292,海科新源
20260902,301293,三博脑科
20260902,301295,美硕科技
20260902,301296,新巨丰
20260902,301297,富乐德
20260902,301298,东利机械
20260902,301299,卓创资讯
20260902,301300,远翔新材
20260902,301301,川宁生物
20260902,301302,华如科技
20260902,301303,真兰仪表
20260902,301305,朗坤科技
20260902,301306,西测测试
20260902,301307,美利信
20260902,301308,江波龙
20260902,301309,万得凯
20260902,301310,鑫宏业
20260902,301311,昆船智能
20260902,301312,智立方
20260902,301313,凡拓数创
20260902,301314,科瑞思
20260902,301315,威士顿
20260902,301316,慧博云通
20260902,301317,鑫磊股份
20260902,301318,维海德
20260902,301319,唯特偶
20260902,301320,豪江智能
20260902,301321,翰博高新
20260902,301322,绿通科技
20260902,301323,新莱福
20260902,301325,曼恩斯特
20260902,301326,捷邦科技
20260902,301327,华宝新能
20260902,301328,维峰电子
20260902,301329,信音电子
20260902,301330,熵基科技
20260902,301331,恩威医药
20260902,301332,德尔玛
20260902,301333,诺思格
20260902,301335,天元宠物
20260902,301336,趣睡科技
20260902,301337,亚华电子
20260902,301338,凯格精机
20260902,301339,通行宝
20260902,301345,涛涛车业
20260902,301348,蓝箭电子
20260902,301349,信德新材
20260902,301353,普莱得
20260902,301355,南王科技
20260902,301356,天振股份
20260902,301357,北方长龙
20260902,301358,湖南裕能
20260902,301359,东南电子
20260902,301360,荣旗科技
20260902,301361,众智科技
20260902,301362,民爆光电
20260902,301363,美好医疗
20260902,301365,矩阵股份
20260902,301366,一博科技
20260902,301367,瑞迈特
20260902,301368,丰立智能
20260902,301369,联动科技
20260902,301370,国科恒泰
20260902,301371,敷尔佳
20260902,301372,科净源
20260902,301373,凌玮科技
20260902,301376,致欧科技
20260902,301377,鼎泰高科
20260902,301378,通达海
20260902,301379,天山电子
20260902,301380,挖金客
20260902,301381,赛维时代
20260902,301382,蜂助手
20260902,301383,天键股份
20260902,301386,未来电器
20260902,301387,光大同创
20260902,301388,欣灵电气
20260902,301389,隆扬电子
20260902,301390,经纬股份
20260902,301391,卡莱特
20260902,301392,汇成真空
20260902,301393,昊帆生物
20260902,301395,仁信新材
20260902,301396,宏景科技
20260902,301397,溯联股份
20260902,301398,星源卓镁
20260902,301399,英特科技
20260902,301408,华人健康
20260902,301413,安培龙
20260902,301418,协昌科技
20260902,301419,阿莱德
20260902,301421,波长光电
20260902,301428,世纪恒通
20260902,301429,森泰股份
20260902,301439,泓淋电力
20260902,301446,福事特
20260902,301448,开创电气
20260902,301449,天溯计量
20260902,301456,盘古智能
20260902,301458,钧崴电子
20260902,301459,丰茂股份
20260902,301468,博盈特焊
20260902,301469,恒达新材
20260902,301479,弘景光电
20260902,301486,致尚科技
20260902,301487,盟固利
20260902,301488,豪恩汽电
20260902,301489,思泉新材
20260902,301491,汉桑科技
20260902,301498,乖宝宠物
20260902,301499,维科精密
20260902,301500,飞南资源
20260902,301501,恒鑫生活
20260902,301502,华阳智能
20260902,301503,智迪科技
20260902,301505,苏州规划
20260902,301507,民生健康
20260902,301508,中机认检
20260902,301509,金凯生科
20260902,301510,固高科技
20260902,301511,德福科技
20260902,301512,智信精密
20260902,301513,尚水智能
20260902,301515,港通医疗
20260902,301516,中远通
20260902,301517,陕西华达
20260902,301518,长华化学
20260902,301519,舜禹股份
20260902,301520,万邦医药
20260902,301522,上大股份
20260902,301525,儒竞科技
20260902,301526,国际复材
20260902,301528,多浦乐
20260902,301529,福赛科技
20260902,301531,春光集团
20260902,301533,威马农机
20260902,301535,浙江华远
20260902,301536,星宸科技
20260902,301538,骏鼎达
20260902,301539,宏鑫科技
20260902,301548,崇德科技
20260902,301550,斯菱智驱
20260902,301551,无线传媒
20260902,301552,科力装备
20260902,301555,惠柏新材
20260902,301556,托普云农
20260902,301557,常友科技
20260902,301558,三态股份
20260902,301559,中集环科
20260902,301560,众捷汽车
20260902,301563,云汉芯城
20260902,301565,中仑新材
20260902,301566,达利凯普
20260902,301567,贝隆精密
20260902,301568,思泰克
20260902,301571,国科天成
20260902,301575,艾芬达
20260902,301577,美信科技
20260902,301578,辰奕智能
20260902,301580,爱迪特
20260902,301581,黄山谷捷
20260902,301583,托伦斯
20260902,301584,建发致新
20260902,301585,蓝宇股份
20260902,301586,佳力奇
20260902,301587,中瑞股份
20260902,301588,美新科技
20260902,301589,诺瓦星云
20260902,301590,优优绿能
20260902,301591,肯特股份
20260902,301592,六九一二
20260902,301595,太力科技
20260902,301596,瑞迪智驱
20260902,301598,博科测试
20260902,301599,理奇智能
20260902,301600,慧翰股份
20260902,301601,惠通科技
20260902,301602,超研股份
20260902,301603,乔锋智能
20260902,301606,绿联科技
20260902,301607,富特科技
20260902,301608,博实结
20260902,301609,山大电力
20260902,301611,珂玛科技
20260902,301613,新铝时代
20260902,301616,浙江华业
20260902,301617,博苑新材
20260902,301618,长联科技
20260902,301622,英思特
20260902,301626,苏州天脉
20260902,301628,强达电路
20260902,301629,矽电股份
20260902,301630,同宇新材
20260902,301631,壹连科技
20260902,301632,广东建科
20260902,301633,港迪技术
20260902,301636,泽润新能
20260902,301638,南网数字
20260902,301655,绿控传动
20260902,301656,联合动力
20260902,301658,首航新能
20260902,301662,宏工科技
20260902,301665,泰禾股份
20260902,301666,大普微-UW
20260902,301667,纳百川
20260902,301668,昊创瑞通
20260902,301669,高特电子
20260902,301677,欣兴工具
20260902,301678,新恒汇
20260902,301680,固德电材
20260902,301682,宏明电子
20260902,301683,慧谷新材
20260902,301687,新广益
20260902,301696,三瑞智能
20260902,301707,展芯股份
20260902,301717,超纯应材
20260902,302132,中航成飞
20260902,600000,浦发银行
20260902,600004,白云机场
20260902,600006,东风股份
20260902,600007,中国国贸
20260902,600008,首创环保
20260902,600009,上海机场
20260902,600010,包钢股份
20260902,600011,华能国际
20260902,600012,皖通高速
20260902,600015,华夏银行
20260902,600016,民生银行
20260902,600017,日照港
20260902,600018,上港集团
20260902,600019,宝钢股份
20260902,600020,中原高速
20260902,600021,上海电力
20260902,600022,山东钢铁
20260902,600023,浙能电力
20260902,600025,华能水电
20260902,600026,中远海能
20260902,600027,华电国际
20260902,600028,中国石化
20260902,600029,南方航空
20260902,600030,中信证券
20260902,600031,三一重工
20260902,600032,浙江新能
20260902,600033,福建高速
20260902,600035,楚天高速
20260902,600036,招商银行
20260902,600037,歌华有线
20260902,600038,中直股份
20260902,600039,四川路桥
20260902,600048,保利发展
20260902,600050,中国联通
20260902,600051,宁波联合
20260902,600052,东望时代
20260902,600054,黄山旅游
20260902,600055,万东医疗
20260902,600056,中国医药
20260902,600057,厦门象屿
20260902,600058,五矿发展
20260902,600059,古越龙山
20260902,600060,海信视像
20260902,600061,国投资本
20260902,600062,华润双鹤
20260902,600063,皖维高新
20260902,600064,南京高科
20260902,600066,宇通客车
20260902,600067,冠城新材
20260902,600071,凤凰光学
20260902,600072,中船科技
20260902,600073,光明肉业
20260902,600075,新疆天业
20260902,600076,康欣新材
20260902,600078,澄星股份
20260902,600081,东风科技
20260902,600085,同仁堂
20260902,600088,中视传媒
20260902,600089,特变电工
20260902,600094,大名城
20260902,600095,湘财股份
20260902,600096,云天化
20260902,600097,开创国际
20260902,600098,广州发展
20260902,600099,林海股份
20260902,600100,同方股份
20260902,600101,明星电力
20260902,600103,青山纸业
20260902,600104,上汽集团
20260902,600105,永鼎股份
20260902,600106,重庆路桥
20260902,600108,亚盛集团
20260902,600109,国金证券
20260902,600110,诺德股份
20260902,600111,北方稀土
20260902,600113,浙江东日
20260902,600114,东睦股份
20260902,600115,中国东航
20260902,600116,三峡水利
20260902,600117,西宁特钢
20260902,600118,中国卫星
20260902,600120,浙江东方
20260902,600121,郑州煤电
20260902,600123,兰花科创
20260902,600125,铁龙物流
20260902,600126,杭钢股份
20260902,600127,金健米业
20260902,600128,苏豪弘业
20260902,600129,太极集团
20260902,600130,波导股份
20260902,600131,国网信通
20260902,600132,重庆啤酒
20260902,600133,东湖高新
20260902,600135,乐凯胶片
20260902,600137,浪莎股份
20260902,600138,中青旅
20260902,600141,兴发集团
20260902,600143,金发科技
20260902,600148,长春一东
20260902,600149,廊坊发展
20260902,600150,中国船舶
20260902,600151,航天机电
20260902,600152,维科技术
20260902,600153,建发股份
20260902,600155,华创云信
20260902,600156,华升股份
20260902,600157,永泰能源
20260902,600158,中体产业
20260902,600159,大龙地产
20260902,600160,巨化股份
20260902,600161,天坛生物
20260902,600162,香江控股
20260902,600163,中闽能源
20260902,600165,宁科生物
20260902,600166,福田汽车
20260902,600167,联美控股
20260902,600168,武汉控股
20260902,600170,上海建工
20260902,600171,上海贝岭
20260902,600172,黄河旋风
20260902,600173,卧龙新能
20260902,600176,中国巨石
20260902,600177,雅戈尔
20260902,600178,东安动力
20260902,600179,安通控股
20260902,600182,S佳通
20260902,600183,生益科技
20260902,600184,光电股份
20260902,600185,珠免集团
20260902,600186,莲花控股
20260902,600188,兖矿能源
20260902,600189,泉阳泉
20260902,600191,华资实业
20260902,600192,长城电工
20260902,600195,中牧股份
20260902,600196,复星医药
20260902,600197,伊力特
20260902,600198,大唐电信
20260902,600199,金种子酒
20260902,600201,生物股份
20260902,600202,哈空调
20260902,600203,福日电子
20260902,600206,有研新材
20260902,600207,安彩高科
20260902,600208,衢州发展
20260902,600210,紫江企业
20260902,600211,西藏药业
20260902,600212,绿能慧充
20260902,600215,派斯林
20260902,600216,浙江医药
20260902,600217,中再资环
20260902,600218,全柴动力
20260902,600219,南山铝业
20260902,600221,海航控股
20260902,600222,太龙药业
20260902,600223,福瑞达
20260902,600226,亨通股份
20260902,600227,赤天化
20260902,600228,返利科技
20260902,600229,城市传媒
20260902,600230,沧州大化
20260902,600231,凌钢股份
20260902,600232,金鹰股份
20260902,600233,圆通速递
20260902,600234,科新发展
20260902,600235,民丰特纸
20260902,600236,桂冠电力
20260902,600237,铜峰电子
20260902,600241,时代万恒
20260902,600246,万通发展
20260902,600248,陕建股份
20260902,600249,两面针
20260902,600250,南京商旅
20260902,600251,冠农股份
20260902,600252,中恒集团
20260902,600255,鑫科材料
20260902,600256,广汇能源
20260902,600257,大湖股份
20260902,600258,首旅酒店
20260902,600259,中稀有色
20260902,600261,阳光照明
20260902,600262,北方股份
20260902,600266,城建发展
20260902,600267,海正药业
20260902,600268,国电南自
20260902,600269,赣粤高速
20260902,600271,航天信息
20260902,600272,开开实业
20260902,600273,嘉化能源
20260902,600276,恒瑞医药
20260902,600278,东方创业
20260902,600279,重庆港
20260902,600280,中央商场
20260902,600281,华阳新材
20260902,600282,南钢股份
20260902,600283,钱江水利
20260902,600284,浦东建设
20260902,600285,羚锐制药
20260902,600287,苏豪时尚
20260902,600288,大恒科技
20260902,600292,电投水电
20260902,600293,三峡新材
20260902,600295,鄂尔多斯
20260902,600298,安琪酵母
20260902,600299,安迪苏
20260902,600300,维维股份
20260902,600301,华锡有色
20260902,600303,曙光股份
20260902,600305,恒顺醋业
20260902,600307,酒钢宏兴
20260902,600308,华泰股份
20260902,600309,万华化学
20260902,600310,广西能源
20260902,600312,平高电气
20260902,600313,农发种业
20260902,600315,上海家化
20260902,600316,洪都航空
20260902,600318,新力金融
20260902,600319,亚星化学
20260902,600320,振华重工
20260902,600322,津投城开
20260902,600323,瀚蓝环境
20260902,600325,华发股份
20260902,600326,西藏天路
20260902,600327,大东方
20260902,600328,中盐化工
20260902,600329,达仁堂
20260902,600330,天通股份
20260902,600331,宏达股份
20260902,600332,白云山
20260902,600333,长春燃气
20260902,600335,国机汽车
20260902,600336,澳柯玛
20260902,600338,西藏珠峰
20260902,600339,中油工程
20260902,600343,航天动力
20260902,600345,长江通信
20260902,600346,恒力石化
20260902,600348,华阳股份
20260902,600350,山东高速
20260902,600351,亚宝药业
20260902,600352,浙江龙盛
20260902,600353,旭光电子
20260902,600354,敦煌种业
20260902,600356,恒丰纸业
20260902,600358,国旅联合
20260902,600359,新农开发
20260902,600360,华微电子
20260902,600361,创新新材
20260902,600362,江西铜业
20260902,600363,联创光电
20260902,600366,宁波韵升
20260902,600367,红星发展
20260902,600368,五洲交通
20260902,600369,西南证券
20260902,600371,万向德农
20260902,600372,中航机载
20260902,600373,中文传媒
20260902,600375,汉马科技
20260902,600376,首开股份
20260902,600377,宁沪高速
20260902,600378,昊华科技
20260902,600379,宝光股份
20260902,600380,健康元
20260902,600382,广东明珠
20260902,600383,金地集团
20260902,600386,北巴传媒
20260902,600388,紫金龙净
20260902,600389,江山股份
20260902,600390,五矿资本
20260902,600391,航发科技
20260902,600392,盛和资源
20260902,600395,盘江股份
20260902,600396,华电辽能
20260902,600397,江钨装备
20260902,600398,海澜之家
20260902,600399,抚顺特钢
20260902,600400,红豆股份
20260902,600403,大有能源
20260902,600405,动力源
20260902,600406,国电南瑞
20260902,600408,安泰集团
20260902,600409,三友化工
20260902,600410,华胜天成
20260902,600415,小商品城
20260902,600416,湘电股份
20260902,600418,江淮汽车
20260902,600419,天润乳业
20260902,600420,国药现代
20260902,600422,昆药集团
20260902,600425,青松建化
20260902,600426,华鲁恒升
20260902,600428,中远海特
20260902,600429,三元股份
20260902,600433,冠豪高新
20260902,600435,北方导航
20260902,600436,片仔癀
20260902,600438,通威股份
20260902,600444,国机通用
20260902,600446,金证股份
20260902,600448,华纺股份
20260902,600449,宁夏建材
20260902,600452,涪陵电力
20260902,600455,博通股份
20260902,600456,宝钛股份
20260902,600458,时代新材
20260902,600459,贵研铂业
20260902,600460,士兰微
20260902,600461,洪城环境
20260902,600463,空港股份
20260902,600467,好当家
20260902,600468,百利电气
20260902,600469,风神股份
20260902,600470,六国化工
20260902,600475,华光环能
20260902,600477,杭萧钢构
20260902,600478,科力远
20260902,600479,千金药业
20260902,600480,凌云股份
20260902,600481,双良节能
20260902,600482,中国动力
20260902,600483,福能股份
20260902,600486,扬农化工
20260902,600487,亨通光电
20260902,600488,津药药业
20260902,600489,中金黄金
20260902,600490,鹏欣资源
20260902,600493,凤竹纺织
20260902,600495,晋西车轴
20260902,600496,精工钢构
20260902,600497,驰宏锌锗
20260902,600498,烽火通信
20260902,600499,科达制造
20260902,600500,中化国际
20260902,600501,航天晨光
20260902,600502,安徽建工
20260902,600503,华丽家族
20260902,600505,西昌电力
20260902,600506,统一股份
20260902,600507,方大特钢
20260902,600508,上海能源
20260902,600509,天富能源
20260902,600510,黑牡丹
20260902,600511,国药股份
20260902,600512,腾达建设
20260902,600513,联环药业
20260902,600515,海南机场
20260902,600516,方大炭素
20260902,600517,国网英大
20260902,600518,康美药业
20260902,600519,贵州茅台
20260902,600520,三佳科技
20260902,600521,华海药业
20260902,600522,中天科技
20260902,600523,贵航股份
20260902,600525,长园集团
20260902,600526,菲达环保
20260902,600527,江南高纤
20260902,600528,中铁工业
20260902,600529,山东药玻
20260902,600531,豫光金铅
20260902,600533,栖霞建设
20260902,600535,天士力
20260902,600536,中国软件
20260902,600538,国发股份
20260902,600539,狮头股份
20260902,600540,新赛股份
20260902,600545,卓郎智能
20260902,600546,山煤国际
20260902,600547,山东黄金
20260902,600548,深高速
20260902,600549,厦门钨业
20260902,600550,保变电气
20260902,600551,时代出版
20260902,600552,凯盛科技
20260902,600556,天下秀
20260902,600557,康缘药业
20260902,600558,大西洋
20260902,600559,老白干酒
20260902,600560,金自天正
20260902,600561,江西长运
20260902,600562,国睿科技
20260902,600563,法拉电子
20260902,600566,济川药业
20260902,600567,山鹰国际
20260902,600569,安阳钢铁
20260902,600570,恒生电子
20260902,600571,信雅达
20260902,600572,康恩贝
20260902,600573,惠泉啤酒
20260902,600575,淮河能源
20260902,600576,祥源文旅
20260902,600577,精达股份
20260902,600578,京能电力
20260902,600579,中化装备
20260902,600580,卧龙电驱
20260902,600582,天地科技
20260902,600583,海油工程
20260902,600584,长电科技
20260902,600585,海螺水泥
20260902,600586,金晶科技
20260902,600587,新华医疗
20260902,600588,用友网络
20260902,600589,大位科技
20260902,600590,泰豪科技
20260902,600592,龙溪股份
20260902,600593,大连圣亚
20260902,600594,益佰制药
20260902,600595,中孚实业
20260902,600596,新安股份
20260902,600597,光明乳业
20260902,600598,北大荒
20260902,600600,青岛啤酒
20260902,600601,方正科技
20260902,600602,云赛智联
20260902,600603,广汇物流
20260902,600604,市北高新
20260902,600605,汇通能源
20260902,600606,绿地控股
20260902,600609,金杯汽车
20260902,600610,中毅达
20260902,600611,大众交通
20260902,600612,老凤祥
20260902,600613,神奇制药
20260902,600615,鑫源智造
20260902,600616,金枫酒业
20260902,600617,国新能源
20260902,600618,氯碱化工
20260902,600619,海立股份
20260902,600620,天宸股份
20260902,600621,华鑫股份
20260902,600622,光大嘉宝
20260902,600623,华谊集团
20260902,600626,申达股份
20260902,600628,新世界
20260902,600629,华建集团
20260902,600630,龙头股份
20260902,600633,浙数文化
20260902,600635,大众公用
20260902,600637,东方明珠
20260902,600638,新黄浦
20260902,600639,浦东金桥
20260902,600640,国脉文化
20260902,600641,先导基电
20260902,600642,申能股份
20260902,600643,爱建集团
20260902,600644,乐山电力
20260902,600645,中源协和
20260902,600648,外高桥
20260902,600649,城投控股
20260902,600650,锦江在线
20260902,600651,飞乐音响
20260902,600653,申华控股
20260902,600654,中安科
20260902,600655,豫园股份
20260902,600657,信达地产
20260902,600658,电子城
20260902,600660,福耀玻璃
20260902,600661,昂立教育
20260902,600662,外服控股
20260902,600663,陆家嘴
20260902,600664,哈药股份
20260902,600665,天地源
20260902,600666,奥瑞德
20260902,600667,太极实业
20260902,600668,尖峰集团
20260902,600671,天目药业
20260902,600673,东阳光
20260902,600674,川投能源
20260902,600675,中华企业
20260902,600676,久事动娱
20260902,600679,上海凤凰
20260902,600681,百川能源
20260902,600682,南京新百
20260902,600683,京投发展
20260902,600684,珠江股份
20260902,600685,中船防务
20260902,600686,金龙汽车
20260902,600688,上海石化
20260902,600689,上海三毛
20260902,600690,海尔智家
20260902,600691,潞化科技
20260902,600692,亚通股份
20260902,600693,东百集团
20260902,600694,大商股份
20260902,600697,欧亚集团
20260902,600698,湖南天雁
20260902,600699,均胜电子
20260902,600702,舍得酒业
20260902,600703,三安光电
20260902,600704,物产中大
20260902,600706,曲江文旅
20260902,600707,彩虹股份
20260902,600708,光明地产
20260902,600710,苏美达
20260902,600711,盛屯矿业
20260902,600712,南宁百货
20260902,600713,南京医药
20260902,600714,金瑞矿业
20260902,600715,文投控股
20260902,600716,凤凰股份
20260902,600717,天津港
20260902,600718,东软集团
20260902,600719,大连热电
20260902,600720,中交设计
20260902,600721,百花医药
20260902,600722,金牛化工
20260902,600724,宁波富达
20260902,600725,云维股份
20260902,600726,华电能源
20260902,600727,鲁北化工
20260902,600728,佳都科技
20260902,600729,重百集团
20260902,600731,湖南海利
20260902,600732,爱旭股份
20260902,600733,北汽蓝谷
20260902,600736,苏州高新
20260902,600737,中粮糖业
20260902,600738,丽尚国潮
20260902,600739,辽宁成大
20260902,600740,山西焦化
20260902,600741,华域汽车
20260902,600742,富维股份
20260902,600743,华远控股
20260902,600744,华银电力
20260902,600746,江苏索普
20260902,600748,上实发展
20260902,600749,西藏旅游
20260902,600750,华润江中
20260902,600751,海航科技
20260902,600754,锦江酒店
20260902,600755,厦门国贸
20260902,600756,浪潮软件
20260902,600757,长江传媒
20260902,600758,辽宁能源
20260902,600760,中航沈飞
20260902,600761,安徽合力
20260902,600763,通策医疗
20260902,600764,中国海防
20260902,600765,中航重机
20260902,600768,富邦新材
20260902,600769,祥龙电业
20260902,600770,综艺股份
20260902,600771,广誉远
20260902,600773,西藏城投
20260902,600774,汉商集团
20260902,600775,南京熊猫
20260902,600776,东方通信
20260902,600777,新潮能源
20260902,600778,友好集团
20260902,600779,水井坊
20260902,600780,通宝能源
20260902,600782,新钢股份
20260902,600783,鲁信创投
20260902,600784,鲁银投资
20260902,600785,新华百货
20260902,600787,中储股份
20260902,600789,鲁抗医药
20260902,600790,轻纺城
20260902,600791,京能置业
20260902,600792,云煤能源
20260902,600793,宜宾纸业
20260902,600794,保税科技
20260902,600795,国电电力
20260902,600796,钱江生化
20260902,600797,浙大网新
20260902,600798,宁波海运
20260902,600800,渤海化学
20260902,600801,华新建材
20260902,600802,福建水泥
20260902,600803,新奥股份
20260902,600805,悦达投资
20260902,600807,济高发展
20260902,600808,马钢股份
20260902,600809,山西汾酒
20260902,600810,神马股份
20260902,600812,华北制药
20260902,600814,杭州解百
20260902,600815,厦工股份
20260902,600816,建元信托
20260902,600817,宇通重工
20260902,600819,耀皮玻璃
20260902,600820,隧道股份
20260902,600821,金开新能
20260902,600822,上海物贸
20260902,600824,益民集团
20260902,600825,新华传媒
20260902,600826,兰生股份
20260902,600827,百联股份
20260902,600828,茂业商业
20260902,600829,人民同泰
20260902,600830,香溢融通
20260902,600831,广电网络
20260902,600833,第一医药
20260902,600834,申通地铁
20260902,600835,上海机电
20260902,600838,上海九百
20260902,600839,四川长虹
20260902,600841,动力新科
20260902,600843,上工申贝
20260902,600844,金煤科技
20260902,600845,宝信软件
20260902,600846,同济科技
20260902,600847,万里股份
20260902,600848,上海临港
20260902,600850,电科数字
20260902,600851,海欣股份
20260902,600853,龙建股份
20260902,600854,春兰股份
20260902,600855,航天长峰
20260902,600857,宁波中百
20260902,600858,银座股份
20260902,600859,王府井
20260902,600860,京城股份
20260902,600861,北京人力
20260902,600862,中航高科
20260902,600863,华能蒙电
20260902,600864,哈投股份
20260902,600865,百大集团
20260902,600866,星湖科技
20260902,600867,通化东宝
20260902,600868,梅雁吉祥
20260902,600869,远东股份
20260902,600871,石化油服
20260902,600872,中炬高新
20260902,600873,梅花生物
20260902,600874,创业环保
20260902,600875,东方电气
20260902,600876,凯盛新能
20260902,600877,电科芯片
20260902,600879,航天电子
20260902,600880,博瑞传播
20260902,600881,亚泰集团
20260902,600882,妙可蓝多
20260902,600883,博闻科技
20260902,600884,杉杉股份
20260902,600885,宏发股份
20260902,600886,国投电力
20260902,600887,伊利股份
20260902,600888,新疆众和
20260902,600892,大晟文化
20260902,600893,航发动力
20260902,600894,广日股份
20260902,600895,张江高科
20260902,600897,厦门空港
20260902,600900,长江电力
20260902,600901,江苏金租
20260902,600903,贵州燃气
20260902,600905,三峡能源
20260902,600906,财达证券
20260902,600908,无锡银行
20260902,600909,华安证券
20260902,600916,中国黄金
20260902,600917,重庆燃气
20260902,600918,中泰证券
20260902,600919,江苏银行
20260902,600925,苏能股份
20260902,600926,杭州银行
20260902,600927,永安期货
20260902,600928,西安银行
20260902,600930,华电新能
20260902,600933,爱柯迪
20260902,600935,华塑股份
20260902,600936,北投科技
20260902,600938,中国海油
20260902,600939,重庆建工
20260902,600941,中国移动
20260902,600955,维远股份
20260902,600956,新天绿能
20260902,600958,东方证券
20260902,600959,江苏有线
20260902,600960,渤海汽车
20260902,600961,株冶集团
20260902,600962,国投中鲁
20260902,600963,岳阳林纸
20260902,600966,博汇纸业
20260902,600967,内蒙一机
20260902,600968,海油发展
20260902,600969,郴电国际
20260902,600970,中材国际
20260902,600971,恒源煤电
20260902,600973,宝胜股份
20260902,600975,新五丰
20260902,600976,健民集团
20260902,600977,中国电影
20260902,600979,广安爱众
20260902,600980,北矿科技
20260902,600981,苏豪汇鸿
20260902,600982,宁波能源
20260902,600983,惠而浦
20260902,600984,建设机械
20260902,600985,淮北矿业
20260902,600986,浙文互联
20260902,600987,航民股份
20260902,600988,赤峰黄金
20260902,600989,宝丰能源
20260902,600990,四创电子
20260902,600992,贵绳股份
20260902,600993,马应龙
20260902,600995,南网储能
20260902,600996,贵广网络
20260902,600997,开滦股份
20260902,600998,九州通
20260902,600999,招商证券
20260902,601000,唐山港
20260902,601001,晋控煤业
20260902,601002,晋亿实业
20260902,601003,柳钢股份
20260902,601005,重庆钢铁
20260902,601006,大秦铁路
20260902,601007,金陵饭店
20260902,601008,连云港
20260902,601009,南京银行
20260902,601011,宝泰隆
20260902,601012,隆基绿能
20260902,601015,陕西黑猫
20260902,601016,节能风电
20260902,601018,宁波港
20260902,601019,山东出版
20260902,601020,华钰矿业
20260902,601021,春秋航空
20260902,601022,宁波远洋
20260902,601026,道生天合
20260902,601033,永兴股份
20260902,601038,一拖股份
20260902,601058,赛轮轮胎
20260902,601059,信达证券
20260902,601061,中信金属
20260902,601065,江盐集团
20260902,601066,中信建投
20260902,601068,中铝国际
20260902,601069,西部黄金
20260902,601077,渝农商行
20260902,601083,锦江航运
20260902,601086,国芳集团
20260902,601088,中国神华
20260902,601089,福元医药
20260902,601096,宏盛华源
20260902,601098,中南传媒
20260902,601099,太平洋
20260902,601100,恒立液压
20260902,601101,昊华能源
20260902,601106,中国一重
20260902,601107,四川成渝
20260902,601108,财通证券
20260902,601111,中国国航
20260902,601112,振石股份
20260902,601113,华鼎股份
20260902,601116,三江购物
20260902,601117,中国化学
20260902,601118,海南橡胶
20260902,601121,宝地矿业
20260902,601126,四方股份
20260902,601127,赛力斯
20260902,601128,常熟银行
20260902,601133,柏诚股份
20260902,601136,首创证券
20260902,601137,博威合金
20260902,601138,工业富联
20260902,601139,深圳燃气
20260902,601155,新城控股
20260902,601156,东航物流
20260902,601158,重庆水务
20260902,601162,天风证券
20260902,601163,三角轮胎
20260902,601166,兴业银行
20260902,601168,西部矿业
20260902,601169,北京银行
20260902,601177,杭齿前进
20260902,601179,中国西电
20260902,601186,中国铁建
20260902,601187,厦门银行
20260902,601188,龙江交通
20260902,601198,东兴证券
20260902,601199,江南水务
20260902,601200,上海环境
20260902,601208,东材科技
20260902,601211,国泰海通
20260902,601212,白银有色
20260902,601216,君正集团
20260902,601218,吉鑫科技
20260902,601222,林洋能源
20260902,601225,陕西煤业
20260902,601226,华电科工
20260902,601228,广州港
20260902,601229,上海银行
20260902,601231,环旭电子
20260902,601233,桐昆股份
20260902,601236,红塔证券
20260902,601238,广汽集团
20260902,601279,英利汽车
20260902,601288,农业银行
20260902,601298,青岛港
20260902,601311,骆驼股份
20260902,601318,中国平安
20260902,601319,中国人保
20260902,601326,秦港股份
20260902,601328,交通银行
20260902,601330,绿色动力
20260902,601333,广深铁路
20260902,601336,新华保险
20260902,601339,百隆东方
20260902,601360,三六零
20260902,601366,利群股份
20260902,601368,绿城水务
20260902,601369,陕鼓动力
20260902,601375,中原证券
20260902,601377,兴业证券
20260902,601388,怡球资源
20260902,601390,中国中铁
20260902,601398,工商银行
20260902,601399,国机重装
20260902,601456,国联民生
20260902,601500,通用股份
20260902,601512,中新集团
20260902,601515,衢州东峰
20260902,601518,吉林高速
20260902,601519,大智慧
20260902,601528,瑞丰银行
20260902,601555,东吴证券
20260902,601566,九牧王
20260902,601567,三星电气
20260902,601568,北元化工
20260902,601577,长沙银行
20260902,601579,会稽山
20260902,601588,北辰实业
20260902,601595,上海电影
20260902,601598,中国外运
20260902,601599,浙文影业
20260902,601600,中国铝业
20260902,601601,中国太保
20260902,601606,长城军工
20260902,601607,上海医药
20260902,601608,中信重工
20260902,601609,金田股份
20260902,601611,中国核建
20260902,601615,明阳智能
20260902,601616,广电电气
20260902,601618,中国中冶
20260902,601619,嘉泽新能
20260902,601628,中国人寿
20260902,601633,长城汽车
20260902,601636,旗滨集团
20260902,601658,邮储银行
20260902,601665,齐鲁银行
20260902,601666,平煤股份
20260902,601668,中国建筑
20260902,601669,中国电建
20260902,601677,明泰铝业
20260902,601678,滨化股份
20260902,601686,友发集团
20260902,601688,华泰证券
20260902,601689,拓普集团
20260902,601696,中银证券
20260902,601698,中国卫通
20260902,601699,潞安环能
20260902,601700,风范股份
20260902,601702,华峰铝业
20260902,601717,中创智领
20260902,601727,上海电气
20260902,601728,中国电信
20260902,601766,中国中车
20260902,601777,千里科技
20260902,601778,晶科科技
20260902,601788,光大证券
20260902,601789,宁波建工
20260902,601798,蓝科高新
20260902,601799,星宇股份
20260902,601800,中国交建
20260902,601801,皖新传媒
20260902,601808,中海油服
20260902,601811,新华文轩
20260902,601816,京沪高铁
20260902,601818,光大银行
20260902,601825,沪农商行
20260902,601827,三峰环境
20260902,601828,美凯龙
20260902,601838,成都银行
20260902,601857,中国石油
20260902,601858,中国科传
20260902,601860,紫金银行
20260902,601865,福莱特
20260902,601866,中远海发
20260902,601868,中国能建
20260902,601869,长飞光纤
20260902,601872,招商轮船
20260902,601877,正泰电器
20260902,601878,浙商证券
20260902,601880,辽港股份
20260902,601881,中国银河
20260902,601882,海天精工
20260902,601886,江河集团
20260902,601888,中国中免
20260902,601890,亚星锚链
20260902,601898,中煤能源
20260902,601899,紫金矿业
20260902,601900,南方传媒
20260902,601901,方正证券
20260902,601908,京运通
20260902,601916,浙商银行
20260902,601918,新集能源
20260902,601919,中远海控
20260902,601921,浙版传媒
20260902,601928,凤凰传媒
20260902,601929,吉视传媒
20260902,601933,永辉超市
20260902,601939,建设银行
20260902,601949,中国出版
20260902,601952,苏垦农发
20260902,601956,东贝集团
20260902,601958,金钼股份
20260902,601963,重庆银行
20260902,601965,中国汽研
20260902,601966,玲珑轮胎
20260902,601968,宝钢包装
20260902,601969,海南矿业
20260902,601975,招商南油
20260902,601985,中国核电
20260902,601988,中国银行
20260902,601990,南京证券
20260902,601991,大唐发电
20260902,601992,金隅集团
20260902,601995,中金公司
20260902,601996,丰林集团
20260902,601997,贵阳银行
20260902,601998,中信银行
20260902,601999,出版传媒
20260902,603000,人民网
20260902,603001,奥康国际
20260902,603002,宏昌电子
20260902,603004,鼎龙科技
20260902,603005,晶方科技
20260902,603006,联明股份
20260902,603007,顺景科技
20260902,603009,北特科技
20260902,603010,万盛股份
20260902,603011,合锻智能
20260902,603012,创力集团
20260902,603013,亚普股份
20260902,603014,威高血净
20260902,603015,弘讯科技
20260902,603016,新宏泰
20260902,603017,中衡设计
20260902,603018,华设集团
20260902,603019,中科曙光
20260902,603020,爱普股份
20260902,603022,新通联
20260902,603023,威帝股份
20260902,603025,大豪科技
20260902,603026,石大胜华
20260902,603027,千禾味业
20260902,603028,赛福天
20260902,603029,天鹅股份
20260902,603030,全筑股份
20260902,603031,安孚科技
20260902,603032,德新科技
20260902,603033,三维股份
20260902,603035,常熟汽饰
20260902,603036,如通股份
20260902,603037,凯众股份
20260902,603038,华立股份
20260902,603039,泛微网络
20260902,603040,新坐标
20260902,603041,美思德
20260902,603042,华脉科技
20260902,603043,广州酒家
20260902,603045,福达合金
20260902,603048,浙江黎明
20260902,603049,中策橡胶
20260902,603050,科林电气
20260902,603051,鹿山新材
20260902,603052,可川科技
20260902,603053,成都燃气
20260902,603055,台华新材
20260902,603057,紫燕食品
20260902,603058,永吉股份
20260902,603059,倍加洁
20260902,603060,国检集团
20260902,603061,金海通
20260902,603062,麦加芯彩
20260902,603063,禾望电气
20260902,603065,宿迁联盛
20260902,603066,音飞储存
20260902,603067,振华股份
20260902,603068,博通集成
20260902,603069,海汽集团
20260902,603070,万控智造
20260902,603071,物产环能
20260902,603072,天和磁材
20260902,603073,彩蝶实业
20260902,603075,热威股份
20260902,603076,乐惠国际
20260902,603077,和邦生物
20260902,603078,江化微
20260902,603079,圣达生物
20260902,603080,新疆火炬
20260902,603081,大丰实业
20260902,603082,北自科技
20260902,603083,剑桥科技
20260902,603085,天成自控
20260902,603086,先达股份
20260902,603087,甘李药业
20260902,603088,宁波精达
20260902,603089,正裕工业
20260902,603090,宏盛股份
20260902,603091,众鑫股份
20260902,603092,德力佳
20260902,603093,南华期货
20260902,603095,越剑智能
20260902,603096,新经典
20260902,603097,江苏华辰
20260902,603098,森特股份
20260902,603099,长白山
20260902,603100,川仪股份
20260902,603101,汇嘉时代
20260902,603102,百合股份
20260902,603103,横店影视
20260902,603105,芯能科技
20260902,603106,恒银科技
20260902,603107,上海汽配
20260902,603108,润达医疗
20260902,603109,神驰机电
20260902,603110,东方材料
20260902,603111,康尼机电
20260902,603112,华翔股份
20260902,603113,金能科技
20260902,603115,海星股份
20260902,603116,红蜻蜓
20260902,603117,万林物流
20260902,603118,共进股份
20260902,603119,浙江荣泰
20260902,603120,肯特催化
20260902,603121,华培动力
20260902,603122,合富中国
20260902,603123,翠微股份
20260902,603124,江南新材
20260902,603125,常青科技
20260902,603126,中材节能
20260902,603127,昭衍新药
20260902,603128,华贸物流
20260902,603129,春风动力
20260902,603130,云中马
20260902,603131,上海沪工
20260902,603132,金徽股份
20260902,603135,中重科技
20260902,603136,天目湖
20260902,603137,恒尚节能
20260902,603138,海量数据
20260902,603139,康惠股份
20260902,603150,万朗磁塑
20260902,603151,邦基科技
20260902,603153,上海建科
20260902,603155,新亚强
20260902,603156,养元饮品
20260902,603158,腾龙股份
20260902,603159,上海亚虹
20260902,603160,汇顶科技
20260902,603161,科华控股
20260902,603162,海通发展
20260902,603163,圣晖集成
20260902,603165,荣晟环保
20260902,603166,福达股份
20260902,603167,渤海轮渡
20260902,603168,莎普爱思
20260902,603169,兰石重装
20260902,603170,宝立食品
20260902,603171,税友股份
20260902,603172,万丰股份
20260902,603173,福斯达
20260902,603175,超颖电子
20260902,603176,汇通集团
20260902,603177,德创环保
20260902,603178,圣龙股份
20260902,603179,新泉股份
20260902,603180,金牌家居
20260902,603181,皇马科技
20260902,603182,嘉华股份
20260902,603183,建研院
20260902,603185,弘元绿能
20260902,603186,华正新材
20260902,603187,海容冷链
20260902,603188,亚邦股份
20260902,603190,亚通精工
20260902,603191,望变电气
20260902,603192,汇得科技
20260902,603193,润本股份
20260902,603194,中力股份
20260902,603195,公牛集团
20260902,603196,璞源材料
20260902,603197,保隆科技
20260902,603198,迎驾贡酒
20260902,603199,九华旅游
20260902,603200,上海洗霸
20260902,603201,常润股份
20260902,603202,天有为
20260902,603203,快克智能
20260902,603205,健尔康
20260902,603206,嘉环科技
20260902,603207,小方制药
20260902,603208,江山欧派
20260902,603209,兴通股份
20260902,603210,泰鸿万立
20260902,603211,晋拓股份
20260902,603212,赛伍技术
20260902,603213,镇洋发展
20260902,603214,爱婴室
20260902,603215,比依股份
20260902,603216,梦天家居
20260902,603217,元利科技
20260902,603218,日月股份
20260902,603219,富佳股份
20260902,603220,中贝通信
20260902,603221,爱丽家居
20260902,603222,济民健康
20260902,603223,恒通股份
20260902,603225,新凤鸣
20260902,603226,菲林格尔
20260902,603227,雪峰科技
20260902,603228,景旺电子
20260902,603229,奥翔药业
20260902,603230,内蒙新华
20260902,603231,索宝蛋白
20260902,603232,格尔软件
20260902,603233,大参林
20260902,603235,天新药业
20260902,603236,移远通信
20260902,603237,五芳斋
20260902,603238,诺邦股份
20260902,603239,浙江仙通
20260902,603248,锡华科技
20260902,603255,鼎际得
20260902,603256,宏和科技
20260902,603257,中国瑞林
20260902,603258,电魂网络
20260902,603259,药明康德
20260902,603260,合盛硅业
20260902,603261,立航科技
20260902,603262,技源集团
20260902,603266,天龙股份
20260902,603267,鸿远电子
20260902,603268,松发股份
20260902,603269,海鸥股份
20260902,603270,金帝股份
20260902,603271,永杰新材
20260902,603273,天元智能
20260902,603275,众辰科技
20260902,603276,恒兴新材
20260902,603277,银都股份
20260902,603278,大业股份
20260902,603279,景津装备
20260902,603280,南方路机
20260902,603281,江瀚新材
20260902,603282,亚光股份
20260902,603283,赛腾股份
20260902,603284,林平发展
20260902,603285,键邦股份
20260902,603286,日盈电子
20260902,603288,海天味业
20260902,603289,泰瑞机器
20260902,603290,斯达半导
20260902,603291,联合水务
20260902,603293,埃泰克
20260902,603296,华勤技术
20260902,603297,永新光学
20260902,603298,杭叉集团
20260902,603299,苏盐井神
20260902,603300,海南华铁
20260902,603301,振德医疗
20260902,603303,得邦照明
20260902,603305,旭升集团
20260902,603306,华懋科技
20260902,603307,扬州金泉
20260902,603308,应流股份
20260902,603309,维力医疗
20260902,603310,巍华新材
20260902,603311,金海高科
20260902,603312,西典新能
20260902,603313,梦百合
20260902,603315,福鞍股份
20260902,603316,诚邦股份
20260902,603317,天味食品
20260902,603318,水发燃气
20260902,603319,美湖股份
20260902,603320,迪贝电气
20260902,603321,梅轮电梯
20260902,603322,超讯科技
20260902,603323,苏农银行
20260902,603324,盛剑科技
20260902,603325,博隆技术
20260902,603326,我乐家居
20260902,603327,福蓉科技
20260902,603328,依顿电子
20260902,603329,上海雅仕
20260902,603330,天洋新材
20260902,603331,百达精工
20260902,603332,苏州龙杰
20260902,603333,福华尚纬
20260902,603334,丰倍生物
20260902,603335,迪生力
20260902,603336,宏辉果蔬
20260902,603337,杰克科技
20260902,603338,浙江鼎力
20260902,603339,四方科技
20260902,603341,龙旗科技
20260902,603344,星德胜
20260902,603345,安井食品
20260902,603348,文灿股份
20260902,603350,安乃达
20260902,603351,威尔药业
20260902,603352,至信股份
20260902,603353,和顺石油
20260902,603355,莱克电气
20260902,603356,华菱精工
20260902,603357,设计总院
20260902,603358,华达科技
20260902,603360,百傲化学
20260902,603363,傲农生物
20260902,603365,水星家纺
20260902,603366,日出东方
20260902,603367,辰欣药业
20260902,603368,柳药集团
20260902,603369,今世缘
20260902,603370,华新精科
20260902,603373,安邦护卫
20260902,603375,盛景微
20260902,603376,大明电子
20260902,603379,三美股份
20260902,603380,易德龙
20260902,603381,永臻股份
20260902,603382,海阳科技
20260902,603383,顶点软件
20260902,603385,惠达卫浴
20260902,603386,骏亚科技
20260902,603387,基蛋生物
20260902,603389,亚振家居
20260902,603390,通达电气
20260902,603391,力聚热能
20260902,603392,万泰生物
20260902,603393,新天然气
20260902,603395,红四方
20260902,603396,金辰股份
20260902,603399,永杉锂业
20260902,603400,华之杰
20260902,603402,陕西旅游
20260902,603406,天富龙
20260902,603407,长裕集团
20260902,603408,建霖家居
20260902,603409,汇通控股
20260902,603416,信捷电气
20260902,603418,友升股份
20260902,603421,鼎信通讯
20260902,603435,嘉德利
20260902,603439,三力制药
20260902,603444,吉比特
20260902,603456,九洲药业
20260902,603458,勘设股份
20260902,603459,红板科技
20260902,603466,风语筑
20260902,603468,津富士达
20260902,603477,巨星农牧
20260902,603486,科沃斯
20260902,603488,展鹏科技
20260902,603489,八方股份
20260902,603496,恒为科技
20260902,603499,翔港科技
20260902,603500,祥和实业
20260902,603501,豪威集团
20260902,603505,金石资源
20260902,603506,南都物业
20260902,603507,振江股份
20260902,603508,思维列控
20260902,603511,爱慕股份
20260902,603515,欧普照明
20260902,603516,淳中科技
20260902,603518,锦泓集团
20260902,603519,立霸股份
20260902,603520,司太立
20260902,603527,众源新材
20260902,603528,多伦科技
20260902,603529,爱玛科技
20260902,603530,神马电力
20260902,603533,掌阅科技
20260902,603535,嘉诚国际
20260902,603536,惠发食品
20260902,603538,美诺华
20260902,603551,奥普科技
20260902,603556,海兴电力
20260902,603558,健盛集团
20260902,603559,中通国脉
20260902,603565,中谷物流
20260902,603566,普莱柯
20260902,603567,珍宝岛
20260902,603568,伟明环保
20260902,603569,长久物流
20260902,603577,汇金通
20260902,603578,三星新材
20260902,603579,荣泰健康
20260902,603580,艾艾精工
20260902,603583,捷昌驱动
20260902,603585,苏利股份
20260902,603586,金麒麟
20260902,603587,地素时尚
20260902,603588,高能环境
20260902,603589,口子窖
20260902,603590,康辰药业
20260902,603596,伯特利
20260902,603598,引力传媒
20260902,603599,广信股份
20260902,603600,永艺股份
20260902,603601,再升科技
20260902,603602,纵横通信
20260902,603605,珀莱雅
20260902,603606,东方电缆
20260902,603607,京华激光
20260902,603608,天创时尚
20260902,603609,禾丰股份
20260902,603610,麒盛科技
20260902,603611,诺力股份
20260902,603612,索通发展
20260902,603613,国联股份
20260902,603615,茶花股份
20260902,603616,韩建河山
20260902,603617,君禾股份
20260902,603618,杭电股份
20260902,603619,中曼石油
20260902,603626,科森科技
20260902,603628,清源股份
20260902,603629,利通电子
20260902,603630,拉芳家化
20260902,603633,徕木股份
20260902,603636,南威软件
20260902,603637,镇海股份
20260902,603638,艾迪精密
20260902,603639,海利尔
20260902,603648,畅联股份
20260902,603650,彤程新材
20260902,603655,朗博科技
20260902,603656,泰禾智能
20260902,603657,春光科技
20260902,603658,安图生物
20260902,603659,璞泰来
20260902,603660,苏州科达
20260902,603661,恒林股份
20260902,603662,柯力传感
20260902,603663,三祥新材
20260902,603665,康隆达
20260902,603666,亿嘉和
20260902,603667,五洲新春
20260902,603668,天马科技
20260902,603669,灵康药业
20260902,603676,卫信康
20260902,603677,奇精机械
20260902,603678,火炬电子
20260902,603679,华体科技
20260902,603680,今创集团
20260902,603681,永冠新材
20260902,603682,锦和商管
20260902,603683,晶华新材
20260902,603685,晨丰科技
20260902,603686,福龙马
20260902,603687,大胜达
20260902,603688,石英股份
20260902,603689,皖天然气
20260902,603690,至纯科技
20260902,603693,江苏新能
20260902,603696,安记食品
20260902,603697,有友食品
20260902,603698,航天工程
20260902,603699,纽威股份
20260902,603700,宁水集团
20260902,603701,德宏股份
20260902,603703,盛洋科技
20260902,603706,东方环宇
20260902,603707,健友股份
20260902,603708,家家悦
20260902,603709,中源家居
20260902,603711,香飘飘
20260902,603712,七一二
20260902,603713,密尔克卫
20260902,603716,塞力医疗
20260902,603717,天域生物
20260902,603719,良品铺子
20260902,603721,中广天择
20260902,603722,阿科力
20260902,603725,天安新材
20260902,603726,朗迪集团
20260902,603727,博迈科
20260902,603728,鸣志电器
20260902,603730,岱美股份
20260902,603733,仙鹤股份
20260902,603737,三棵树
20260902,603738,泰晶科技
20260902,603739,蔚蓝生物
20260902,603755,日辰股份
20260902,603757,大元泵业
20260902,603758,秦安股份
20260902,603759,海天股份
20260902,603766,隆鑫通用
20260902,603767,中马传动
20260902,603768,常青股份
20260902,603773,沃格光电
20260902,603776,永安行
20260902,603777,来伊份
20260902,603778,国晟科技
20260902,603779,威龙股份
20260902,603786,科博达
20260902,603787,新日股份
20260902,603788,宁波高发
20260902,603790,雅运股份
20260902,603797,联泰环保
20260902,603798,康普顿
20260902,603799,华友钴业
20260902,603800,洪田股份
20260902,603801,志邦家居
20260902,603803,瑞斯康达
20260902,603806,福斯特
20260902,603808,歌力思
20260902,603809,豪能股份
20260902,603810,丰山集团
20260902,603811,诚意药业
20260902,603813,原尚股份
20260902,603815,交建股份
20260902,603816,顾家家居
20260902,603817,海峡环保
20260902,603818,曲美家居
20260902,603819,神力股份
20260902,603823,百合花
20260902,603826,坤彩科技
20260902,603829,洛凯股份
20260902,603833,欧派家居
20260902,603836,海程邦达
20260902,603839,安正时尚
20260902,603848,好太太
20260902,603855,华荣股份
20260902,603856,东宏股份
20260902,603858,步长制药
20260902,603859,能科科技
20260902,603860,中公高科
20260902,603861,白云电器
20260902,603863,松炀资源
20260902,603866,桃李面包
20260902,603867,新化股份
20260902,603868,飞科电器
20260902,603871,嘉友国际
20260902,603876,鼎胜新材
20260902,603877,太平鸟
20260902,603878,武进不锈
20260902,603879,永悦科技
20260902,603880,南卫股份
20260902,603881,数据港
20260902,603882,金域医学
20260902,603883,老百姓
20260902,603885,吉祥航空
20260902,603886,元祖股份
20260902,603887,城地香江
20260902,603888,新华网
20260902,603889,新澳股份
20260902,603890,春秋电子
20260902,603893,瑞芯微
20260902,603895,天永智能
20260902,603896,寿仙谷
20260902,603897,长城科技
20260902,603898,好莱客
20260902,603899,晨光股份
20260902,603900,莱绅通灵
20260902,603901,永创智能
20260902,603903,中持股份
20260902,603906,龙蟠科技
20260902,603908,牧高笛
20260902,603909,建发合诚
20260902,603912,佳力图
20260902,603915,国茂股份
20260902,603916,苏博特
20260902,603917,合力科技
20260902,603918,金桥信息
20260902,603919,金徽酒
20260902,603920,世运电路
20260902,603926,铁流股份
20260902,603927,中科软
20260902,603928,兴业股份
20260902,603929,亚翔集成
20260902,603931,格林达
20260902,603933,睿能科技
20260902,603936,博敏电子
20260902,603937,丽岛新材
20260902,603938,三孚股份
20260902,603939,益丰药房
20260902,603948,建业股份
20260902,603949,雪龙集团
20260902,603950,长源东谷
20260902,603955,大千生态
20260902,603956,威派格
20260902,603958,哈森股份
20260902,603960,克来机电
20260902,603966,法兰泰克
20260902,603967,中创物流
20260902,603968,醋化股份
20260902,603969,银龙股份
20260902,603970,中农立华
20260902,603976,正川股份
20260902,603977,国泰集团
20260902,603978,深圳新星
20260902,603979,金诚信
20260902,603980,吉华集团
20260902,603982,泉峰汽车
20260902,603983,丸美生物
20260902,603985,恒润股份
20260902,603986,兆易创新
20260902,603987,康德莱
20260902,603988,中电电机
20260902,603989,艾华集团
20260902,603990,麦迪科技
20260902,603991,领先股份
20260902,603992,松霖科技
20260902,603993,洛阳钼业
20260902,603995,甬金股份
20260902,603997,继峰股份
20260902,603998,方盛制药
20260902,603999,读者传媒
20260902,605001,威奥股份
20260902,605003,众望布艺
20260902,605005,合兴股份
20260902,605006,山东玻纤
20260902,605007,五洲特纸
20260902,605008,长鸿高科
20260902,605009,豪悦护理
20260902,605011,杭州热电
20260902,605016,百龙创园
20260902,605018,长华集团
20260902,605020,永和股份
20260902,605028,世茂能源
20260902,605033,美邦股份
20260902,605050,福然德
20260902,605055,迎丰股份
20260902,605056,咸亨国际
20260902,605058,澳弘电子
20260902,605060,联德股份
20260902,605066,天正电气
20260902,605068,明新旭腾
20260902,605069,正和生态
20260902,605077,华康股份
20260902,605080,浙江自然
20260902,605086,龙高股份
20260902,605088,冠盛股份
20260902,605089,味知香
20260902,605090,九丰能源
20260902,605098,行动教育
20260902,605099,共创草坪
20260902,605100,华丰股份
20260902,605108,同庆楼
20260902,605111,新洁能
20260902,605116,奥锐特
20260902,605117,德业股份
20260902,605118,力鼎光电
20260902,605122,四方新材
20260902,605123,派克新材
20260902,605128,上海沿浦
20260902,605133,嵘泰股份
20260902,605136,丽人丽妆
20260902,605138,盛泰集团
20260902,605151,西上海
20260902,605155,西大门
20260902,605158,华达新材
20260902,605162,新中港
20260902,605166,聚合顺
20260902,605167,利柏特
20260902,605168,三人行
20260902,605169,洪通燃气
20260902,605177,东亚药业
20260902,605178,时空科技
20260902,605179,一鸣食品
20260902,605180,华生科技
20260902,605183,确成股份
20260902,605186,健麾信息
20260902,605188,国光连锁
20260902,605189,富春染织
20260902,605196,华通线缆
20260902,605198,安德利
20260902,605208,永茂泰
20260902,605218,伟时电子
20260902,605222,起帆电缆
20260902,605228,神通科技
20260902,605255,天普股份
20260902,605258,协和电子
20260902,605259,绿田机械
20260902,605266,健之佳
20260902,605268,王力安防
20260902,605277,新亚电子
20260902,605286,同力天启
20260902,605287,德才股份
20260902,605288,凯迪股份
20260902,605289,罗曼股份
20260902,605296,神农集团
20260902,605298,必得科技
20260902,605299,舒华体育
20260902,605300,佳禾食品
20260902,605303,园林股份
20260902,605305,中际联合
20260902,605318,法狮龙
20260902,605319,无锡振华
20260902,605333,沪光股份
20260902,605337,李子园
20260902,605338,巴比食品
20260902,605339,南侨食品
20260902,605358,立昂微
20260902,605365,立达信
20260902,605366,宏柏新材
20260902,605368,蓝天燃气
20260902,605369,拱东医疗
20260902,605376,博迁新材
20260902,605377,华旺科技
20260902,605378,野马电池
20260902,605388,均瑶健康
20260902,605389,长龄液压
20260902,605398,新炬网络
20260902,605399,晨光新材
20260902,605488,福莱新材
20260902,605499,东鹏饮料
20260902,605500,森林包装
20260902,605507,国邦医药
20260902,605555,德昌股份
20260902,605566,福莱蒽特
20260902,605567,春雪食品
20260902,605577,龙版传媒
20260902,605580,恒盛能源
20260902,605588,冠石科技
20260902,605589,圣泉集团
20260902,605598,上海港湾
20260902,605599,菜百股份
